id_pracownika,poczatek_zmiany,koniec_zmiany
1,2018-10-29T11:26:03Z,2018-10-27T09:52:44Z
2,2018-10-31T12:32:59Z,2018-10-26T09:40:28Z
3,2018-11-01T10:58:52Z,2018-10-31T13:33:19Z
4,2018-10-27T21:32:14Z,2018-10-26T10:12:23Z
5,2018-10-26T18:39:22Z,2018-10-26T16:25:44Z
6,2018-10-28T01:30:59Z,2018-10-26T20:57:03Z
7,2018-10-30T01:54:01Z,2018-10-27T22:57:26Z
8,2018-10-28T04:47:29Z,2018-10-27T15:26:11Z
9,2018-10-28T08:37:47Z,2018-10-27T17:14:09Z
10,2018-11-01T09:14:11Z,2018-11-01T03:50:46Z
11,2018-10-28T04:57:47Z,2018-10-27T08:30:43Z
12,2018-10-26T14:31:40Z,2018-10-26T01:39:08Z
13,2018-10-28T23:44:16Z,2018-10-26T05:05:37Z
14,2018-10-28T06:02:37Z,2018-10-28T03:01:10Z
15,2018-10-26T21:57:25Z,2018-10-26T12:04:28Z
16,2018-10-27T14:16:47Z,2018-10-26T10:40:52Z
17,2018-10-28T13:20:45Z,2018-10-27T12:01:56Z
18,2018-10-29T16:24:07Z,2018-10-28T18:35:18Z
19,2018-10-31T14:06:35Z,2018-10-27T04:05:21Z
14,2018-10-27T14:41:47Z,2018-10-27T14:20:57Z
1,2018-10-27T15:52:27Z,2018-10-26T11:04:51Z
2,2018-10-30T17:46:49Z,2018-10-26T05:58:01Z
3,2018-10-27T09:01:10Z,2018-10-26T05:08:08Z
4,2018-10-30T19:15:30Z,2018-10-28T13:15:19Z
5,2018-10-31T17:05:54Z,2018-10-27T22:20:25Z
6,2018-10-29T15:09:59Z,2018-10-28T05:33:32Z
7,2018-10-30T17:44:18Z,2018-10-27T17:49:27Z
8,2018-10-26T01:37:37Z,2018-10-25T23:38:22Z
9,2018-10-28T14:21:30Z,2018-10-28T12:28:40Z
10,2018-10-31T16:56:16Z,2018-10-28T23:33:52Z
11,2018-10-28T13:47:04Z,2018-10-28T11:46:24Z
12,2018-11-01T07:07:39Z,2018-10-30T05:21:25Z
13,2018-10-30T17:05:37Z,2018-10-28T13:45:25Z
14,2018-10-26T18:37:08Z,2018-10-26T03:10:07Z
15,2018-10-31T07:30:43Z,2018-10-26T20:07:55Z
16,2018-10-26T10:32:57Z,2018-10-26T02:39:01Z
17,2018-10-29T03:47:08Z,2018-10-26T09:30:20Z
18,2018-10-26T09:35:54Z,2018-10-26T08:59:25Z
19,2018-11-01T01:21:12Z,2018-10-30T14:41:48Z
16,2018-11-01T19:26:45Z,2018-10-28T00:01:54Z
1,2018-10-27T04:27:06Z,2018-10-27T01:22:07Z
2,2018-10-27T13:32:16Z,2018-10-26T05:08:16Z
3,2018-10-27T02:09:52Z,2018-10-26T16:32:04Z
4,2018-11-01T15:28:35Z,2018-10-28T17:25:21Z
5,2018-10-30T14:56:12Z,2018-10-26T10:57:00Z
6,2018-11-01T12:36:24Z,2018-10-30T13:32:16Z
7,2018-10-28T16:28:33Z,2018-10-27T21:02:21Z
8,2018-10-31T07:25:39Z,2018-10-29T12:16:34Z
9,2018-10-30T17:21:39Z,2018-10-26T09:19:01Z
10,2018-10-30T02:37:29Z,2018-10-27T20:01:30Z
11,2018-10-29T09:46:39Z,2018-10-27T21:59:36Z
12,2018-10-27T03:30:11Z,2018-10-26T21:47:35Z
13,2018-11-01T20:13:41Z,2018-11-01T01:31:51Z
14,2018-10-30T19:49:56Z,2018-10-27T03:46:38Z
15,2018-11-01T14:38:00Z,2018-10-28T11:55:55Z
16,2018-10-29T16:35:35Z,2018-10-26T20:04:24Z
17,2018-10-31T06:45:20Z,2018-10-28T21:29:08Z
18,2018-10-26T08:26:50Z,2018-10-26T05:43:51Z
19,2018-10-27T14:10:08Z,2018-10-26T07:17:55Z
4,2018-10-27T18:24:36Z,2018-10-27T16:27:08Z
1,2018-10-28T23:02:22Z,2018-10-26T17:39:52Z
2,2018-10-28T06:53:38Z,2018-10-27T01:25:11Z
3,2018-10-30T18:29:28Z,2018-10-29T18:27:28Z
4,2018-10-26T19:55:17Z,2018-10-26T02:05:12Z
5,2018-10-30T07:34:30Z,2018-10-30T06:01:48Z
6,2018-10-31T19:40:52Z,2018-10-31T07:55:27Z
7,2018-10-31T02:35:01Z,2018-10-29T23:30:32Z
8,2018-10-28T08:36:30Z,2018-10-26T05:56:12Z
9,2018-10-29T10:15:18Z,2018-10-29T02:24:34Z
10,2018-10-29T20:12:30Z,2018-10-29T13:54:09Z
11,2018-10-28T01:28:03Z,2018-10-27T12:13:18Z
12,2018-10-30T10:00:54Z,2018-10-29T10:39:04Z
13,2018-10-31T20:24:03Z,2018-10-29T21:29:50Z
14,2018-10-26T15:02:34Z,2018-10-26T06:57:27Z
15,2018-10-28T14:38:01Z,2018-10-26T16:04:59Z
16,2018-10-30T05:03:42Z,2018-10-26T21:56:48Z
17,2018-10-30T02:52:28Z,2018-10-26T06:17:42Z
18,2018-10-31T20:52:26Z,2018-10-30T05:44:28Z
19,2018-10-29T01:52:10Z,2018-10-27T22:35:25Z
13,2018-10-31T09:05:54Z,2018-10-30T09:55:59Z
1,2018-11-01T18:40:29Z,2018-10-26T11:12:17Z
2,2018-10-30T19:34:44Z,2018-10-28T21:26:09Z
3,2018-10-28T16:48:16Z,2018-10-27T06:42:43Z
4,2018-10-30T16:19:45Z,2018-10-29T13:32:56Z
5,2018-10-28T04:14:52Z,2018-10-26T04:52:23Z
6,2018-10-26T21:30:31Z,2018-10-26T12:50:35Z
7,2018-10-25T23:16:43Z,2018-10-25T22:45:15Z
8,2018-10-26T16:21:24Z,2018-10-26T04:55:32Z
9,2018-10-27T20:28:40Z,2018-10-25T22:53:03Z
10,2018-10-28T21:37:20Z,2018-10-27T19:22:56Z
11,2018-10-29T17:05:18Z,2018-10-28T22:23:30Z
12,2018-10-30T03:06:27Z,2018-10-26T00:56:27Z
13,2018-10-31T12:10:18Z,2018-10-26T00:01:36Z
14,2018-10-27T15:59:44Z,2018-10-27T07:34:45Z
15,2018-11-01T16:59:31Z,2018-10-28T08:17:09Z
16,2018-10-27T03:03:18Z,2018-10-26T14:11:32Z
17,2018-10-30T04:37:04Z,2018-10-26T06:38:41Z
18,2018-10-26T17:32:19Z,2018-10-26T16:19:47Z
19,2018-10-29T18:23:11Z,2018-10-26T19:04:32Z
14,2018-10-30T22:17:59Z,2018-10-26T14:18:15Z
1,2018-10-31T23:08:08Z,2018-10-27T16:25:22Z
2,2018-11-01T12:40:31Z,2018-10-29T20:26:15Z
3,2018-10-30T12:32:45Z,2018-10-29T19:05:38Z
4,2018-10-31T07:18:42Z,2018-10-26T05:13:09Z
5,2018-10-27T22:38:34Z,2018-10-27T09:38:16Z
6,2018-10-27T23:43:12Z,2018-10-27T22:53:19Z
7,2018-10-27T01:00:52Z,2018-10-26T21:19:07Z
8,2018-10-29T18:06:21Z,2018-10-27T21:47:50Z
9,2018-10-31T02:47:01Z,2018-10-29T05:20:00Z
10,2018-10-31T23:07:43Z,2018-10-29T01:29:55Z
11,2018-10-28T20:46:54Z,2018-10-27T06:57:11Z
12,2018-10-31T18:58:49Z,2018-10-28T12:59:39Z
13,2018-10-31T23:06:30Z,2018-10-30T05:34:00Z
14,2018-10-31T23:02:59Z,2018-10-29T09:41:27Z
15,2018-10-27T08:06:43Z,2018-10-27T00:59:55Z
16,2018-10-31T09:40:22Z,2018-10-27T02:52:48Z
17,2018-10-27T20:36:17Z,2018-10-27T13:06:18Z
18,2018-10-29T18:33:24Z,2018-10-26T06:36:48Z
19,2018-11-01T16:23:31Z,2018-10-29T22:14:23Z
15,2018-10-28T04:23:38Z,2018-10-27T18:27:39Z
1,2018-10-30T07:11:14Z,2018-10-26T19:57:51Z
2,2018-10-30T04:28:42Z,2018-10-26T18:18:40Z
3,2018-11-01T14:58:02Z,2018-10-28T10:50:17Z
4,2018-11-01T10:47:09Z,2018-10-30T22:04:51Z
5,2018-10-26T14:38:56Z,2018-10-26T09:36:00Z
6,2018-10-27T07:25:21Z,2018-10-26T14:22:00Z
7,2018-11-01T01:09:48Z,2018-10-27T06:18:02Z
8,2018-10-31T12:47:55Z,2018-10-26T16:59:06Z
9,2018-11-01T00:42:47Z,2018-10-29T23:56:37Z
10,2018-10-27T04:45:01Z,2018-10-27T00:00:30Z
11,2018-10-31T00:36:17Z,2018-10-26T18:53:29Z
12,2018-10-26T20:51:09Z,2018-10-26T00:50:00Z
13,2018-10-31T17:31:09Z,2018-10-30T09:10:04Z
14,2018-10-26T01:00:59Z,2018-10-26T00:52:35Z
15,2018-10-26T07:31:27Z,2018-10-26T00:21:54Z
16,2018-11-01T16:04:30Z,2018-10-25T22:27:13Z
17,2018-10-28T17:22:28Z,2018-10-26T04:10:44Z
18,2018-10-29T18:11:41Z,2018-10-29T11:47:06Z
19,2018-11-01T03:19:06Z,2018-10-30T14:00:28Z
11,2018-10-31T02:12:06Z,2018-10-26T01:13:19Z
1,2018-10-29T05:06:16Z,2018-10-27T10:59:44Z
2,2018-10-26T02:24:57Z,2018-10-25T22:53:44Z
3,2018-10-27T15:16:58Z,2018-10-26T09:16:36Z
4,2018-10-30T17:01:19Z,2018-10-28T03:43:15Z
5,2018-10-30T13:34:57Z,2018-10-28T14:12:59Z
6,2018-10-31T06:12:30Z,2018-10-27T11:58:03Z
7,2018-10-30T07:07:38Z,2018-10-28T11:31:43Z
8,2018-10-26T07:07:29Z,2018-10-26T06:45:01Z
9,2018-11-01T05:05:40Z,2018-10-26T14:03:21Z
10,2018-10-31T00:16:59Z,2018-10-29T09:18:12Z
11,2018-10-28T19:25:46Z,2018-10-28T01:49:18Z
12,2018-10-27T03:24:01Z,2018-10-26T18:17:52Z
13,2018-10-27T14:56:26Z,2018-10-27T13:09:50Z
14,2018-10-26T22:37:31Z,2018-10-25T22:30:20Z
15,2018-10-31T04:43:30Z,2018-10-26T01:23:42Z
16,2018-10-31T23:02:20Z,2018-10-31T14:05:46Z
17,2018-10-26T15:22:06Z,2018-10-26T05:25:55Z
18,2018-10-30T14:35:37Z,2018-10-30T01:08:28Z
19,2018-10-28T23:13:01Z,2018-10-26T23:03:27Z
9,2018-10-29T18:25:45Z,2018-10-27T22:58:15Z
1,2018-10-28T11:07:40Z,2018-10-28T00:26:36Z
2,2018-10-30T07:59:53Z,2018-10-26T00:19:26Z
3,2018-10-27T06:37:36Z,2018-10-27T00:25:37Z
4,2018-10-26T17:48:14Z,2018-10-26T08:53:30Z
5,2018-10-30T17:25:50Z,2018-10-29T05:55:55Z
6,2018-10-29T16:59:04Z,2018-10-27T11:44:47Z
7,2018-10-31T15:04:50Z,2018-10-29T23:01:16Z
8,2018-10-28T08:07:45Z,2018-10-28T00:42:47Z
9,2018-10-26T14:08:39Z,2018-10-25T23:26:24Z
10,2018-10-31T08:42:39Z,2018-10-27T23:49:27Z
11,2018-10-28T15:06:06Z,2018-10-26T20:03:06Z
12,2018-10-30T19:00:04Z,2018-10-30T14:14:45Z
13,2018-10-28T15:31:02Z,2018-10-26T04:15:39Z
14,2018-10-28T08:54:12Z,2018-10-28T03:43:09Z
15,2018-11-01T01:10:38Z,2018-10-31T14:02:54Z
16,2018-10-27T06:15:57Z,2018-10-26T08:17:03Z
17,2018-11-01T03:35:51Z,2018-10-27T06:29:10Z
18,2018-10-29T16:55:24Z,2018-10-27T21:45:04Z
19,2018-10-30T19:47:40Z,2018-10-26T15:24:09Z
10,2018-10-28T22:22:09Z,2018-10-25T22:01:49Z
1,2018-11-01T19:59:54Z,2018-10-27T13:38:35Z
2,2018-10-30T16:37:38Z,2018-10-30T05:51:15Z
3,2018-10-30T21:51:37Z,2018-10-30T19:13:19Z
4,2018-10-26T12:16:38Z,2018-10-26T10:27:41Z
5,2018-10-26T15:32:27Z,2018-10-26T12:20:35Z
6,2018-10-29T03:26:10Z,2018-10-28T14:41:32Z
7,2018-10-29T07:01:53Z,2018-10-28T18:46:48Z
8,2018-10-31T17:43:08Z,2018-10-28T07:09:15Z
9,2018-10-30T07:28:38Z,2018-10-29T00:13:11Z
10,2018-11-01T11:44:44Z,2018-10-30T19:54:06Z
11,2018-10-30T00:04:41Z,2018-10-29T04:11:33Z
12,2018-10-28T19:17:08Z,2018-10-27T09:49:12Z
13,2018-10-26T09:08:42Z,2018-10-26T04:35:22Z
14,2018-10-29T21:12:17Z,2018-10-26T12:05:38Z
15,2018-10-30T01:14:45Z,2018-10-26T21:58:51Z
16,2018-11-01T01:24:08Z,2018-10-31T01:54:58Z
17,2018-10-31T12:34:55Z,2018-10-28T12:24:03Z
18,2018-10-26T21:11:12Z,2018-10-26T18:55:03Z
19,2018-10-27T06:19:38Z,2018-10-26T05:44:46Z
15,2018-11-01T16:36:13Z,2018-10-26T13:39:40Z
1,2018-10-31T01:30:22Z,2018-10-28T19:01:44Z
2,2018-10-30T12:15:38Z,2018-10-27T09:08:53Z
3,2018-10-27T00:28:27Z,2018-10-26T07:45:37Z
4,2018-10-31T20:29:52Z,2018-10-31T08:02:43Z
5,2018-10-29T13:30:42Z,2018-10-28T04:17:42Z
6,2018-10-28T13:12:19Z,2018-10-26T21:20:34Z
7,2018-11-01T02:36:10Z,2018-10-27T18:04:31Z
8,2018-10-30T07:36:04Z,2018-10-27T02:04:16Z
9,2018-11-01T00:10:06Z,2018-10-29T02:38:54Z
10,2018-11-01T01:28:34Z,2018-10-27T03:46:56Z
11,2018-10-29T02:59:30Z,2018-10-26T10:43:33Z
12,2018-10-29T01:20:40Z,2018-10-28T10:13:45Z
13,2018-10-27T16:09:22Z,2018-10-26T15:58:26Z
14,2018-10-28T04:29:10Z,2018-10-26T19:00:07Z
15,2018-10-30T03:10:09Z,2018-10-26T18:50:02Z
16,2018-10-29T16:29:07Z,2018-10-27T14:20:50Z
17,2018-11-01T06:39:47Z,2018-11-01T02:06:12Z
18,2018-10-27T13:02:21Z,2018-10-26T23:30:33Z
19,2018-10-28T14:12:21Z,2018-10-26T14:39:44Z
10,2018-10-28T19:25:45Z,2018-10-27T11:06:06Z
1,2018-10-26T06:32:06Z,2018-10-26T04:46:44Z
2,2018-10-27T23:15:55Z,2018-10-25T22:00:26Z
3,2018-10-27T02:55:02Z,2018-10-26T11:56:48Z
4,2018-10-26T17:37:15Z,2018-10-26T10:10:21Z
5,2018-10-29T10:15:27Z,2018-10-26T10:23:20Z
6,2018-10-26T23:51:12Z,2018-10-26T16:47:23Z
7,2018-10-31T05:43:22Z,2018-10-29T10:19:40Z
8,2018-10-31T22:50:38Z,2018-10-28T10:55:24Z
9,2018-10-29T04:03:03Z,2018-10-27T02:16:30Z
10,2018-10-31T09:44:13Z,2018-10-30T01:00:26Z
11,2018-10-27T10:31:21Z,2018-10-26T14:29:38Z
12,2018-10-26T01:22:41Z,2018-10-26T00:44:28Z
13,2018-10-26T23:11:43Z,2018-10-26T12:03:59Z
14,2018-10-29T16:45:59Z,2018-10-28T17:10:11Z
15,2018-10-27T03:33:37Z,2018-10-26T14:23:55Z
16,2018-10-31T22:33:02Z,2018-10-28T13:21:18Z
17,2018-10-27T02:34:03Z,2018-10-26T19:22:41Z
18,2018-10-31T13:34:02Z,2018-10-31T11:13:13Z
19,2018-10-27T17:18:31Z,2018-10-27T12:40:06Z
9,2018-10-27T20:08:45Z,2018-10-27T01:23:21Z
1,2018-10-27T17:11:49Z,2018-10-27T02:45:56Z
2,2018-10-28T13:45:58Z,2018-10-27T02:21:09Z
3,2018-11-01T15:21:03Z,2018-10-28T07:29:46Z
4,2018-10-31T06:00:58Z,2018-10-26T06:44:20Z
5,2018-10-27T10:21:03Z,2018-10-27T07:19:55Z
6,2018-10-26T19:12:34Z,2018-10-26T10:05:21Z
7,2018-10-28T02:25:02Z,2018-10-27T02:31:29Z
8,2018-10-28T16:03:34Z,2018-10-28T12:08:27Z
9,2018-11-01T18:57:16Z,2018-10-31T03:29:53Z
10,2018-10-26T21:54:37Z,2018-10-26T14:02:55Z
11,2018-10-31T11:07:54Z,2018-10-29T03:10:50Z
12,2018-10-30T12:55:15Z,2018-10-28T05:55:37Z
13,2018-10-31T13:26:01Z,2018-10-28T16:19:29Z
14,2018-10-29T16:09:05Z,2018-10-29T07:35:58Z
15,2018-10-29T04:53:45Z,2018-10-28T00:07:31Z
16,2018-10-28T04:13:27Z,2018-10-27T09:56:49Z
17,2018-10-27T18:20:04Z,2018-10-27T17:46:09Z
18,2018-10-29T11:12:57Z,2018-10-27T12:10:21Z
19,2018-10-27T14:00:51Z,2018-10-26T00:54:28Z
15,2018-10-29T00:39:28Z,2018-10-27T04:07:19Z
1,2018-10-26T20:25:54Z,2018-10-26T16:08:57Z
2,2018-10-30T16:12:04Z,2018-10-28T02:16:53Z
3,2018-10-30T02:50:16Z,2018-10-27T21:09:30Z
4,2018-10-29T19:29:50Z,2018-10-25T22:54:50Z
5,2018-10-26T10:37:17Z,2018-10-26T00:11:44Z
6,2018-10-31T18:19:12Z,2018-10-31T13:19:37Z
7,2018-10-29T12:34:28Z,2018-10-26T10:19:58Z
8,2018-10-27T16:26:34Z,2018-10-26T18:31:55Z
9,2018-10-31T19:58:00Z,2018-10-29T10:04:10Z
10,2018-10-27T03:00:16Z,2018-10-26T15:09:45Z
11,2018-10-26T07:17:58Z,2018-10-25T22:32:19Z
12,2018-10-31T21:08:47Z,2018-10-29T00:24:33Z
13,2018-11-01T07:36:26Z,2018-10-28T09:51:00Z
14,2018-10-26T00:55:36Z,2018-10-25T22:34:30Z
15,2018-10-30T10:20:17Z,2018-10-27T05:06:33Z
16,2018-10-30T06:43:15Z,2018-10-27T13:26:23Z
17,2018-10-29T02:52:52Z,2018-10-28T12:07:14Z
18,2018-10-28T11:50:29Z,2018-10-27T16:46:09Z
19,2018-10-30T00:24:50Z,2018-10-27T10:55:17Z
9,2018-10-30T12:41:10Z,2018-10-26T16:52:28Z
1,2018-10-28T19:18:28Z,2018-10-28T04:52:15Z
2,2018-10-29T09:07:07Z,2018-10-26T08:29:09Z
3,2018-10-30T02:38:17Z,2018-10-27T02:03:49Z
4,2018-11-01T21:34:50Z,2018-10-30T08:34:10Z
5,2018-10-27T07:36:01Z,2018-10-26T13:01:25Z
6,2018-10-28T04:12:07Z,2018-10-27T14:58:10Z
7,2018-10-26T11:04:59Z,2018-10-25T23:12:52Z
8,2018-10-28T13:11:08Z,2018-10-26T08:26:18Z
9,2018-10-29T11:26:13Z,2018-10-27T19:28:33Z
10,2018-10-31T10:54:19Z,2018-10-30T14:04:38Z
11,2018-10-27T10:22:24Z,2018-10-26T21:08:33Z
12,2018-10-30T01:26:21Z,2018-10-27T12:27:38Z
13,2018-10-31T04:34:20Z,2018-10-26T21:28:54Z
14,2018-10-28T21:59:07Z,2018-10-27T13:15:42Z
15,2018-10-27T11:11:39Z,2018-10-25T21:26:20Z
16,2018-10-31T21:23:34Z,2018-10-28T09:20:10Z
17,2018-10-26T22:54:35Z,2018-10-26T06:54:22Z
18,2018-10-26T09:45:03Z,2018-10-26T05:28:57Z
19,2018-10-28T15:39:20Z,2018-10-28T05:42:03Z
13,2018-10-27T23:10:29Z,2018-10-26T21:50:10Z
1,2018-11-01T04:42:46Z,2018-10-26T07:55:32Z
2,2018-10-31T16:16:36Z,2018-10-26T00:55:17Z
3,2018-10-27T19:59:13Z,2018-10-26T09:58:44Z
4,2018-10-28T07:57:07Z,2018-10-26T01:39:00Z
5,2018-10-28T13:30:25Z,2018-10-28T07:19:45Z
6,2018-11-01T07:40:33Z,2018-10-25T21:52:44Z
7,2018-10-27T02:20:00Z,2018-10-26T20:47:38Z
8,2018-10-29T15:10:26Z,2018-10-27T22:55:59Z
9,2018-10-31T05:35:24Z,2018-10-28T06:20:37Z
10,2018-10-29T03:58:33Z,2018-10-26T08:31:18Z
11,2018-10-30T15:30:36Z,2018-10-27T05:05:35Z
12,2018-10-30T21:07:45Z,2018-10-26T20:57:07Z
13,2018-10-31T22:22:07Z,2018-10-30T19:45:05Z
14,2018-10-31T11:14:08Z,2018-10-30T12:14:26Z
15,2018-11-01T14:06:40Z,2018-11-01T11:47:03Z
16,2018-11-01T00:15:51Z,2018-10-28T09:34:23Z
17,2018-10-26T18:12:09Z,2018-10-26T15:22:04Z
18,2018-10-29T13:17:54Z,2018-10-28T14:22:42Z
19,2018-10-31T23:49:48Z,2018-10-30T09:15:55Z
17,2018-10-28T22:43:39Z,2018-10-28T19:06:19Z
1,2018-11-01T04:31:56Z,2018-10-30T05:16:21Z
2,2018-10-29T23:34:04Z,2018-10-27T00:55:50Z
3,2018-10-26T16:07:44Z,2018-10-26T04:42:49Z
4,2018-10-29T07:17:51Z,2018-10-27T15:03:58Z
5,2018-10-29T01:01:18Z,2018-10-27T17:21:00Z
6,2018-10-28T14:44:45Z,2018-10-26T20:25:45Z
7,2018-10-30T00:46:43Z,2018-10-29T14:08:12Z
8,2018-10-28T18:13:54Z,2018-10-28T11:31:25Z
9,2018-10-29T09:24:49Z,2018-10-28T08:06:02Z
10,2018-10-30T05:05:02Z,2018-10-27T16:10:29Z
11,2018-10-27T01:02:28Z,2018-10-26T03:48:55Z
12,2018-10-30T19:58:13Z,2018-10-27T16:52:49Z
13,2018-10-29T13:55:20Z,2018-10-28T19:45:06Z
14,2018-10-25T23:48:26Z,2018-10-25T23:11:34Z
15,2018-10-28T22:07:49Z,2018-10-27T19:50:13Z
16,2018-11-01T03:17:21Z,2018-10-29T15:19:41Z
17,2018-10-30T00:51:03Z,2018-10-29T08:58:51Z
18,2018-10-28T17:57:13Z,2018-10-28T04:09:23Z
19,2018-10-28T19:42:00Z,2018-10-27T11:56:50Z
10,2018-10-28T22:25:51Z,2018-10-26T07:15:43Z
1,2018-11-01T00:09:44Z,2018-10-30T09:42:57Z
2,2018-10-30T21:41:29Z,2018-10-27T03:09:26Z
3,2018-10-31T06:12:53Z,2018-10-28T14:03:53Z
4,2018-10-27T21:46:42Z,2018-10-26T12:19:20Z
5,2018-10-31T19:35:42Z,2018-10-29T03:58:58Z
6,2018-10-28T23:39:36Z,2018-10-27T04:28:12Z
7,2018-11-01T07:12:32Z,2018-10-27T04:50:52Z
8,2018-10-26T16:14:55Z,2018-10-26T06:32:28Z
9,2018-10-31T22:22:21Z,2018-10-30T05:11:07Z
10,2018-10-27T16:11:01Z,2018-10-26T14:32:01Z
11,2018-10-28T17:32:02Z,2018-10-27T18:53:42Z
12,2018-10-27T12:02:26Z,2018-10-26T09:52:11Z
13,2018-10-31T15:23:41Z,2018-10-28T06:09:14Z
14,2018-10-29T21:19:22Z,2018-10-29T03:21:42Z
15,2018-10-29T16:10:48Z,2018-10-27T12:34:59Z
16,2018-10-27T10:56:41Z,2018-10-26T06:56:26Z
17,2018-10-29T18:43:34Z,2018-10-28T15:40:11Z
18,2018-10-30T16:27:14Z,2018-10-29T04:59:15Z
19,2018-10-27T06:33:01Z,2018-10-25T23:01:28Z
4,2018-10-31T12:35:52Z,2018-10-27T06:20:57Z
1,2018-10-26T23:03:59Z,2018-10-25T22:09:38Z
2,2018-10-28T01:26:03Z,2018-10-26T11:17:37Z
3,2018-10-28T11:43:10Z,2018-10-27T21:38:12Z
4,2018-10-30T15:47:11Z,2018-10-29T05:07:06Z
5,2018-10-29T23:26:47Z,2018-10-27T20:24:02Z
6,2018-10-27T23:36:10Z,2018-10-27T01:31:59Z
7,2018-10-26T05:22:07Z,2018-10-26T01:46:47Z
8,2018-10-28T02:12:07Z,2018-10-26T01:23:09Z
9,2018-10-31T23:07:59Z,2018-10-30T03:36:16Z
10,2018-10-30T04:17:38Z,2018-10-29T11:29:04Z
11,2018-10-28T09:06:15Z,2018-10-27T14:07:10Z
12,2018-10-31T08:46:18Z,2018-10-30T13:21:43Z
13,2018-11-01T17:05:16Z,2018-10-30T22:36:17Z
14,2018-10-31T23:37:43Z,2018-10-30T20:17:15Z
15,2018-10-28T13:57:06Z,2018-10-27T21:48:36Z
16,2018-10-26T19:08:21Z,2018-10-26T11:14:04Z
17,2018-11-01T19:26:19Z,2018-10-29T18:47:20Z
18,2018-10-27T13:07:47Z,2018-10-26T06:30:52Z
19,2018-10-28T23:55:49Z,2018-10-28T01:54:45Z
2,2018-10-27T03:36:16Z,2018-10-26T03:17:46Z
1,2018-10-27T02:28:22Z,2018-10-26T06:30:35Z
2,2018-10-28T11:58:33Z,2018-10-27T13:37:49Z
3,2018-10-25T23:31:49Z,2018-10-25T21:50:04Z
4,2018-10-29T07:10:48Z,2018-10-26T19:27:38Z
5,2018-10-27T09:42:48Z,2018-10-26T01:58:26Z
6,2018-10-31T22:18:21Z,2018-10-27T23:49:46Z
7,2018-11-01T13:33:12Z,2018-10-29T06:54:21Z
8,2018-10-29T03:36:43Z,2018-10-28T18:20:47Z
9,2018-10-27T21:07:31Z,2018-10-27T16:02:25Z
10,2018-10-28T06:08:27Z,2018-10-27T07:36:01Z
11,2018-10-26T00:44:46Z,2018-10-25T23:41:33Z
12,2018-10-27T00:28:33Z,2018-10-26T18:20:12Z
13,2018-10-27T02:37:49Z,2018-10-26T10:58:55Z
14,2018-10-26T08:29:31Z,2018-10-25T22:04:58Z
15,2018-11-01T13:56:12Z,2018-10-30T09:17:14Z
16,2018-10-31T08:55:31Z,2018-10-28T09:10:43Z
17,2018-10-26T00:19:13Z,2018-10-25T23:15:13Z
18,2018-10-29T21:16:16Z,2018-10-29T18:11:47Z
19,2018-11-01T09:00:19Z,2018-10-29T02:34:43Z
8,2018-10-27T18:20:58Z,2018-10-27T11:21:05Z
1,2018-10-29T19:14:20Z,2018-10-28T02:32:19Z
2,2018-10-27T16:10:54Z,2018-10-27T15:56:39Z
3,2018-10-31T03:27:12Z,2018-10-28T12:00:55Z
4,2018-10-26T12:52:11Z,2018-10-26T06:23:42Z
5,2018-10-31T12:50:29Z,2018-10-28T04:04:34Z
6,2018-10-30T03:34:30Z,2018-10-28T17:58:11Z
7,2018-10-27T14:30:23Z,2018-10-25T23:39:40Z
8,2018-10-31T15:18:06Z,2018-10-30T13:14:10Z
9,2018-10-26T08:16:55Z,2018-10-26T04:54:27Z
10,2018-10-28T20:29:39Z,2018-10-25T22:49:36Z
11,2018-10-26T17:12:43Z,2018-10-26T02:46:18Z
12,2018-11-01T06:02:46Z,2018-10-28T10:43:15Z
13,2018-10-31T09:32:54Z,2018-10-29T22:11:31Z
14,2018-10-30T01:45:14Z,2018-10-28T02:20:51Z
15,2018-11-01T04:36:06Z,2018-10-29T10:07:03Z
16,2018-11-01T03:09:01Z,2018-10-31T22:10:58Z
17,2018-11-01T03:06:28Z,2018-10-29T01:48:55Z
18,2018-10-31T15:25:51Z,2018-10-26T16:52:29Z
19,2018-10-31T10:22:24Z,2018-10-26T08:24:50Z
13,2018-10-27T02:09:52Z,2018-10-27T01:50:57Z
1,2018-10-27T08:06:17Z,2018-10-27T01:53:15Z
2,2018-11-01T19:03:55Z,2018-10-29T19:44:08Z
3,2018-11-01T05:21:33Z,2018-11-01T02:39:17Z
4,2018-10-26T11:07:44Z,2018-10-26T00:26:47Z
5,2018-10-27T02:37:58Z,2018-10-26T16:59:58Z
6,2018-10-29T07:44:25Z,2018-10-27T08:30:00Z
7,2018-10-30T05:07:12Z,2018-10-28T15:29:46Z
8,2018-11-01T01:30:44Z,2018-10-30T02:08:23Z
9,2018-10-27T17:08:34Z,2018-10-26T22:10:09Z
10,2018-10-28T02:28:27Z,2018-10-26T13:47:49Z
11,2018-10-26T20:59:00Z,2018-10-26T01:42:21Z
12,2018-10-30T00:37:41Z,2018-10-28T14:00:57Z
13,2018-10-28T04:56:37Z,2018-10-26T02:01:14Z
14,2018-10-29T08:36:52Z,2018-10-27T10:47:58Z
15,2018-11-01T06:21:27Z,2018-10-26T00:47:08Z
16,2018-10-27T04:48:20Z,2018-10-26T00:55:46Z
17,2018-10-28T01:39:28Z,2018-10-26T16:46:18Z
18,2018-10-26T11:08:52Z,2018-10-26T07:06:05Z
19,2018-10-30T11:19:32Z,2018-10-26T20:27:25Z
12,2018-10-29T21:14:42Z,2018-10-27T06:29:13Z
1,2018-10-29T18:03:27Z,2018-10-28T16:52:58Z
2,2018-10-26T19:33:02Z,2018-10-26T01:02:23Z
3,2018-11-01T01:27:37Z,2018-10-27T18:18:32Z
4,2018-10-26T01:42:28Z,2018-10-26T01:13:50Z
5,2018-10-31T21:57:30Z,2018-10-28T09:06:31Z
6,2018-11-01T07:55:33Z,2018-10-29T10:16:51Z
7,2018-10-28T23:00:27Z,2018-10-27T18:18:02Z
8,2018-11-01T07:32:20Z,2018-10-29T13:12:19Z
9,2018-10-27T18:46:21Z,2018-10-27T14:18:50Z
10,2018-10-30T10:13:16Z,2018-10-27T09:12:59Z
11,2018-11-01T13:47:59Z,2018-10-31T21:11:43Z
12,2018-10-29T00:46:46Z,2018-10-28T11:05:43Z
13,2018-10-31T03:54:43Z,2018-10-27T10:18:19Z
14,2018-10-26T06:28:41Z,2018-10-26T04:15:50Z
15,2018-10-28T07:41:10Z,2018-10-27T19:45:20Z
16,2018-11-01T21:24:54Z,2018-10-29T08:47:06Z
17,2018-11-01T19:33:11Z,2018-10-31T03:32:24Z
18,2018-10-27T06:01:59Z,2018-10-27T00:49:28Z
19,2018-10-27T12:06:32Z,2018-10-27T10:06:31Z
13,2018-11-01T00:51:01Z,2018-10-31T11:57:09Z
1,2018-10-28T16:59:03Z,2018-10-27T13:11:57Z
2,2018-10-28T15:24:08Z,2018-10-26T12:52:00Z
3,2018-10-25T23:25:17Z,2018-10-25T22:28:42Z
4,2018-11-01T04:25:34Z,2018-10-31T07:47:20Z
5,2018-10-29T11:28:05Z,2018-10-26T03:00:38Z
6,2018-10-28T22:59:17Z,2018-10-27T18:28:30Z
7,2018-10-31T05:42:00Z,2018-10-26T01:21:09Z
8,2018-11-01T14:02:30Z,2018-10-28T12:26:50Z
9,2018-10-26T23:42:45Z,2018-10-25T21:28:16Z
10,2018-10-28T11:13:21Z,2018-10-28T03:37:01Z
11,2018-10-26T19:32:58Z,2018-10-26T13:39:30Z
12,2018-10-27T22:20:12Z,2018-10-27T21:17:25Z
13,2018-10-29T16:56:45Z,2018-10-28T23:59:31Z
14,2018-10-31T13:46:34Z,2018-10-30T04:02:55Z
15,2018-10-31T07:22:51Z,2018-10-25T23:45:29Z
16,2018-10-26T08:26:19Z,2018-10-25T22:26:09Z
17,2018-10-26T14:37:37Z,2018-10-25T21:39:15Z
18,2018-10-28T23:28:01Z,2018-10-28T11:51:19Z
19,2018-10-30T00:12:34Z,2018-10-26T19:31:27Z
2,2018-10-31T11:31:27Z,2018-10-25T21:35:21Z
1,2018-11-01T04:34:20Z,2018-10-31T08:54:28Z
2,2018-10-26T21:48:15Z,2018-10-25T21:36:50Z
3,2018-10-29T14:30:13Z,2018-10-26T00:57:44Z
4,2018-10-29T15:01:34Z,2018-10-29T14:39:53Z
5,2018-11-01T13:01:43Z,2018-10-29T13:30:52Z
6,2018-10-28T08:31:17Z,2018-10-27T06:29:53Z
7,2018-11-01T21:05:10Z,2018-11-01T11:36:14Z
8,2018-10-29T21:52:40Z,2018-10-27T03:26:08Z
9,2018-10-27T09:43:36Z,2018-10-26T15:50:26Z
10,2018-10-26T08:58:04Z,2018-10-26T06:55:18Z
11,2018-10-31T21:01:49Z,2018-10-28T05:10:19Z
12,2018-10-27T02:02:09Z,2018-10-26T03:12:22Z
13,2018-10-26T02:18:48Z,2018-10-25T22:46:26Z
14,2018-10-26T13:56:02Z,2018-10-26T02:37:28Z
15,2018-10-30T13:27:03Z,2018-10-26T10:39:55Z
16,2018-11-01T10:44:01Z,2018-10-26T11:25:10Z
17,2018-10-28T07:49:15Z,2018-10-27T06:18:33Z
18,2018-10-29T17:47:28Z,2018-10-27T12:43:28Z
19,2018-10-30T00:56:53Z,2018-10-27T23:31:33Z
12,2018-10-30T01:49:40Z,2018-10-26T19:07:03Z
1,2018-10-31T04:27:06Z,2018-10-29T02:33:14Z
2,2018-10-28T03:29:15Z,2018-10-26T09:02:30Z
3,2018-10-31T08:08:44Z,2018-10-29T03:49:11Z
4,2018-10-29T16:42:04Z,2018-10-27T02:05:03Z
5,2018-10-27T07:23:53Z,2018-10-26T18:39:32Z
6,2018-10-28T00:32:45Z,2018-10-26T04:40:18Z
7,2018-10-29T14:16:41Z,2018-10-26T13:21:53Z
8,2018-10-28T18:01:18Z,2018-10-25T23:48:34Z
9,2018-11-01T05:13:58Z,2018-10-27T23:28:29Z
10,2018-10-26T06:28:30Z,2018-10-26T02:11:42Z
11,2018-11-01T00:53:41Z,2018-10-27T17:46:53Z
12,2018-10-30T02:57:34Z,2018-10-28T20:21:29Z
13,2018-10-26T00:28:15Z,2018-10-25T21:42:30Z
14,2018-11-01T08:06:15Z,2018-10-31T11:02:43Z
15,2018-10-28T13:32:05Z,2018-10-27T06:37:11Z
16,2018-11-01T14:23:56Z,2018-10-27T14:29:07Z
17,2018-10-29T06:45:14Z,2018-10-27T05:48:32Z
18,2018-10-30T05:01:58Z,2018-10-25T22:15:43Z
19,2018-10-28T05:32:32Z,2018-10-27T17:32:21Z
2,2018-10-28T04:02:16Z,2018-10-27T23:29:28Z
1,2018-10-30T13:00:34Z,2018-10-27T09:52:22Z
2,2018-11-01T10:29:27Z,2018-10-27T17:58:53Z
3,2018-11-01T20:10:54Z,2018-10-29T16:18:45Z
4,2018-10-27T16:42:46Z,2018-10-26T22:44:12Z
5,2018-10-28T11:50:23Z,2018-10-26T06:17:07Z
6,2018-10-29T14:21:28Z,2018-10-28T01:49:23Z
7,2018-10-28T12:32:02Z,2018-10-26T05:44:01Z
8,2018-10-29T02:27:58Z,2018-10-26T10:44:22Z
9,2018-10-29T16:27:45Z,2018-10-25T21:53:26Z
10,2018-11-01T05:14:17Z,2018-10-27T02:50:02Z
11,2018-10-29T10:55:00Z,2018-10-26T05:57:11Z
12,2018-10-28T06:22:59Z,2018-10-27T18:29:55Z
13,2018-10-27T20:40:29Z,2018-10-26T00:21:56Z
14,2018-10-26T18:50:18Z,2018-10-26T09:42:21Z
15,2018-10-30T16:14:33Z,2018-10-29T14:13:12Z
16,2018-10-26T16:00:57Z,2018-10-26T10:35:19Z
17,2018-11-01T05:57:09Z,2018-10-30T12:07:29Z
18,2018-10-31T09:03:21Z,2018-10-28T18:09:48Z
19,2018-10-27T02:25:47Z,2018-10-26T16:55:26Z
4,2018-10-28T13:17:37Z,2018-10-28T07:31:58Z
1,2018-10-27T20:35:23Z,2018-10-27T10:33:50Z
2,2018-10-27T14:41:03Z,2018-10-26T12:18:20Z
3,2018-10-28T13:55:31Z,2018-10-26T15:46:03Z
4,2018-10-28T10:53:51Z,2018-10-25T22:16:48Z
5,2018-10-29T10:39:42Z,2018-10-28T06:29:03Z
6,2018-10-28T09:20:07Z,2018-10-27T00:42:16Z
7,2018-10-26T13:06:02Z,2018-10-25T22:30:42Z
8,2018-10-29T15:30:03Z,2018-10-27T19:49:19Z
9,2018-10-27T01:49:22Z,2018-10-26T04:09:35Z
10,2018-10-31T10:36:11Z,2018-10-26T09:43:03Z
11,2018-10-31T06:47:53Z,2018-10-26T15:35:21Z
12,2018-10-27T15:46:32Z,2018-10-27T06:50:02Z
13,2018-11-01T18:09:14Z,2018-10-26T23:43:32Z
14,2018-10-29T03:01:56Z,2018-10-28T04:49:11Z
15,2018-10-27T15:05:38Z,2018-10-26T12:10:14Z
16,2018-10-29T08:35:30Z,2018-10-25T23:01:25Z
17,2018-10-28T23:09:21Z,2018-10-28T14:14:49Z
18,2018-10-25T22:00:28Z,2018-10-25T21:27:27Z
19,2018-10-27T15:49:12Z,2018-10-26T10:31:55Z
4,2018-10-27T17:06:57Z,2018-10-27T16:43:27Z
1,2018-10-30T10:57:43Z,2018-10-29T12:17:31Z
2,2018-10-26T10:26:53Z,2018-10-26T02:48:52Z
3,2018-10-27T14:39:45Z,2018-10-27T06:22:58Z
4,2018-10-30T04:13:16Z,2018-10-26T00:21:19Z
5,2018-10-28T00:22:50Z,2018-10-27T16:33:27Z
6,2018-10-29T18:01:21Z,2018-10-28T04:04:09Z
7,2018-10-29T04:28:36Z,2018-10-26T07:43:28Z
8,2018-10-29T03:14:51Z,2018-10-27T03:17:16Z
9,2018-10-28T04:47:41Z,2018-10-27T05:20:01Z
10,2018-11-01T01:54:20Z,2018-10-27T03:03:56Z
11,2018-10-26T18:01:54Z,2018-10-26T08:14:21Z
12,2018-11-01T10:13:53Z,2018-11-01T01:50:03Z
13,2018-11-01T21:47:17Z,2018-10-28T20:53:36Z
14,2018-10-31T23:05:19Z,2018-10-29T05:12:11Z
15,2018-10-29T06:45:29Z,2018-10-27T07:43:11Z
16,2018-11-01T15:16:23Z,2018-10-29T08:47:54Z
17,2018-10-27T15:36:53Z,2018-10-27T03:17:24Z
18,2018-10-30T11:54:02Z,2018-10-26T09:52:38Z
19,2018-10-29T19:44:49Z,2018-10-29T15:32:02Z
18,2018-10-26T22:02:55Z,2018-10-26T04:12:58Z
1,2018-10-26T13:15:24Z,2018-10-26T11:27:32Z
2,2018-10-31T02:15:37Z,2018-10-28T04:26:33Z
3,2018-10-28T02:39:28Z,2018-10-28T02:21:23Z
4,2018-10-28T04:49:39Z,2018-10-26T07:46:09Z
5,2018-10-30T14:08:03Z,2018-10-28T18:07:07Z
6,2018-10-26T15:31:49Z,2018-10-26T02:57:32Z
7,2018-10-28T21:24:35Z,2018-10-27T16:29:19Z
8,2018-10-28T00:21:36Z,2018-10-26T21:36:28Z
9,2018-10-31T11:11:43Z,2018-10-27T15:53:45Z
10,2018-11-01T20:16:23Z,2018-10-30T22:22:42Z
11,2018-10-26T13:56:38Z,2018-10-26T02:45:18Z
12,2018-11-01T19:48:33Z,2018-10-26T13:57:45Z
13,2018-10-26T09:30:08Z,2018-10-26T07:18:13Z
14,2018-10-29T02:34:21Z,2018-10-27T13:11:52Z
15,2018-10-28T23:11:58Z,2018-10-28T19:13:42Z
16,2018-10-30T23:24:48Z,2018-10-29T05:45:52Z
17,2018-10-30T03:33:22Z,2018-10-29T04:08:32Z
18,2018-10-25T23:50:08Z,2018-10-25T21:50:48Z
19,2018-10-31T18:43:06Z,2018-10-29T07:07:57Z
11,2018-11-01T00:56:28Z,2018-10-27T01:59:37Z
1,2018-10-29T10:36:29Z,2018-10-26T15:16:44Z
2,2018-10-31T16:32:33Z,2018-10-31T11:05:45Z
3,2018-10-26T19:26:44Z,2018-10-26T11:02:06Z
4,2018-10-30T03:19:00Z,2018-10-26T02:02:07Z
5,2018-10-29T23:44:36Z,2018-10-26T06:59:51Z
6,2018-11-01T08:49:58Z,2018-10-26T01:28:09Z
7,2018-10-28T02:52:24Z,2018-10-28T02:41:41Z
8,2018-10-31T01:36:28Z,2018-10-28T06:47:36Z
9,2018-10-31T19:11:27Z,2018-10-28T03:34:47Z
10,2018-10-29T23:58:31Z,2018-10-29T11:38:26Z
11,2018-11-01T15:19:56Z,2018-11-01T07:16:29Z
12,2018-10-29T09:30:40Z,2018-10-26T22:40:01Z
13,2018-10-26T13:32:05Z,2018-10-26T08:24:22Z
14,2018-10-27T07:41:19Z,2018-10-26T20:41:12Z
15,2018-10-31T06:33:33Z,2018-10-30T22:57:59Z
16,2018-11-01T08:04:41Z,2018-10-28T16:22:03Z
17,2018-10-31T08:47:07Z,2018-10-30T18:51:14Z
18,2018-11-01T05:58:45Z,2018-10-30T11:03:19Z
19,2018-10-27T17:05:35Z,2018-10-27T06:06:45Z
1,2018-10-30T17:58:56Z,2018-10-28T21:32:21Z
1,2018-10-27T10:05:38Z,2018-10-26T07:05:34Z
2,2018-11-01T15:25:51Z,2018-10-30T02:42:16Z
3,2018-10-30T13:20:58Z,2018-10-28T13:14:58Z
4,2018-10-26T07:39:19Z,2018-10-26T04:34:24Z
5,2018-10-31T16:00:03Z,2018-10-26T23:47:45Z
6,2018-10-27T10:25:05Z,2018-10-26T10:15:05Z
7,2018-10-26T11:35:35Z,2018-10-25T22:49:10Z
8,2018-10-27T18:09:18Z,2018-10-27T11:47:09Z
9,2018-10-27T11:52:44Z,2018-10-26T08:30:26Z
10,2018-10-29T03:19:52Z,2018-10-28T08:03:46Z
11,2018-10-30T10:49:07Z,2018-10-29T23:02:02Z
12,2018-10-28T03:39:23Z,2018-10-26T11:56:42Z
13,2018-10-28T12:06:31Z,2018-10-28T00:52:02Z
14,2018-10-28T17:49:09Z,2018-10-28T04:27:25Z
15,2018-10-28T06:17:06Z,2018-10-26T16:35:11Z
16,2018-10-29T12:31:46Z,2018-10-29T03:31:19Z
17,2018-10-31T23:17:17Z,2018-10-29T14:31:21Z
18,2018-10-31T00:00:13Z,2018-10-26T02:39:19Z
19,2018-10-25T23:52:09Z,2018-10-25T22:04:53Z
14,2018-10-30T08:39:21Z,2018-10-28T02:31:20Z
1,2018-10-29T09:29:51Z,2018-10-26T01:58:53Z
2,2018-10-27T18:26:02Z,2018-10-26T11:22:37Z
3,2018-10-28T18:31:22Z,2018-10-25T21:53:46Z
4,2018-10-31T19:33:00Z,2018-10-29T11:01:09Z
5,2018-10-31T16:20:13Z,2018-10-31T15:38:10Z
6,2018-10-29T19:36:45Z,2018-10-27T10:25:03Z
7,2018-11-01T04:20:41Z,2018-10-26T23:40:33Z
8,2018-10-31T03:22:32Z,2018-10-26T20:02:55Z
9,2018-10-28T23:53:29Z,2018-10-27T06:48:33Z
10,2018-10-31T20:48:15Z,2018-10-28T18:25:33Z
11,2018-10-30T07:25:01Z,2018-10-26T07:41:47Z
12,2018-10-29T03:52:59Z,2018-10-27T12:58:18Z
13,2018-10-27T13:31:44Z,2018-10-26T13:21:07Z
14,2018-10-27T00:37:47Z,2018-10-26T23:40:59Z
15,2018-10-27T04:22:25Z,2018-10-26T00:56:13Z
16,2018-10-27T19:51:09Z,2018-10-25T21:47:51Z
17,2018-10-30T01:19:08Z,2018-10-27T17:14:04Z
18,2018-10-26T10:33:46Z,2018-10-25T22:54:23Z
19,2018-10-29T05:34:52Z,2018-10-26T14:39:55Z
6,2018-10-26T00:01:12Z,2018-10-25T23:48:34Z
1,2018-10-27T01:26:29Z,2018-10-26T10:55:58Z
2,2018-10-28T12:42:36Z,2018-10-26T11:49:18Z
3,2018-10-28T09:41:17Z,2018-10-27T20:47:10Z
4,2018-10-27T12:52:23Z,2018-10-26T14:24:01Z
5,2018-10-31T21:29:30Z,2018-10-30T21:56:17Z
6,2018-10-26T14:35:27Z,2018-10-26T05:05:09Z
7,2018-10-28T19:31:41Z,2018-10-27T12:31:51Z
8,2018-10-27T21:59:18Z,2018-10-26T03:56:30Z
9,2018-10-25T23:45:46Z,2018-10-25T23:19:38Z
10,2018-10-29T04:15:01Z,2018-10-26T21:52:42Z
11,2018-10-27T22:04:22Z,2018-10-26T08:14:39Z
12,2018-11-01T04:22:09Z,2018-10-28T16:38:08Z
13,2018-10-31T15:34:51Z,2018-10-26T11:21:09Z
14,2018-10-31T23:43:27Z,2018-10-28T14:51:47Z
15,2018-10-28T22:26:42Z,2018-10-26T23:04:36Z
16,2018-10-29T08:50:54Z,2018-10-28T00:55:41Z
17,2018-10-29T18:20:33Z,2018-10-27T22:04:41Z
18,2018-10-28T22:43:50Z,2018-10-28T06:46:11Z
19,2018-10-27T23:06:11Z,2018-10-26T20:56:43Z
20,2018-10-31T05:56:48Z,2018-10-26T18:44:14Z
1,2018-10-28T13:54:33Z,2018-10-27T14:14:19Z
2,2018-11-01T14:33:31Z,2018-10-28T09:27:07Z
3,2018-10-27T09:43:06Z,2018-10-27T01:55:27Z
4,2018-10-26T19:54:20Z,2018-10-26T00:38:57Z
5,2018-10-30T19:54:08Z,2018-10-28T05:46:14Z
6,2018-10-28T16:41:25Z,2018-10-26T18:57:35Z
7,2018-10-28T23:09:57Z,2018-10-26T00:15:16Z
8,2018-10-30T21:43:20Z,2018-10-30T11:42:18Z
9,2018-11-01T11:15:08Z,2018-10-30T03:25:58Z
10,2018-10-27T11:45:51Z,2018-10-27T02:49:48Z
11,2018-10-31T01:14:56Z,2018-10-29T19:17:27Z
12,2018-11-01T04:41:18Z,2018-10-28T13:09:26Z
13,2018-10-29T23:26:54Z,2018-10-26T22:43:38Z
14,2018-10-31T14:55:53Z,2018-10-30T02:49:21Z
15,2018-11-01T09:17:41Z,2018-10-29T05:43:08Z
16,2018-10-30T03:08:44Z,2018-10-27T23:58:53Z
17,2018-11-01T00:53:22Z,2018-10-28T14:00:47Z
18,2018-10-27T18:34:11Z,2018-10-26T03:47:16Z
19,2018-11-01T07:20:33Z,2018-10-29T06:33:07Z
18,2018-10-30T10:13:10Z,2018-10-29T11:14:54Z
1,2018-11-01T12:07:52Z,2018-10-29T15:35:05Z
2,2018-10-30T19:53:12Z,2018-10-26T09:10:44Z
3,2018-11-01T02:08:54Z,2018-10-31T07:45:57Z
4,2018-10-29T17:34:09Z,2018-10-26T20:23:17Z
5,2018-10-27T04:59:22Z,2018-10-26T23:58:52Z
6,2018-10-30T10:56:27Z,2018-10-28T14:26:48Z
7,2018-10-27T00:06:09Z,2018-10-26T21:27:33Z
8,2018-10-26T08:40:17Z,2018-10-25T21:59:00Z
9,2018-10-30T04:15:57Z,2018-10-26T07:17:36Z
10,2018-10-28T04:34:14Z,2018-10-27T14:08:26Z
11,2018-10-25T23:04:16Z,2018-10-25T21:30:22Z
12,2018-10-29T21:26:14Z,2018-10-27T05:44:35Z
13,2018-10-27T08:27:14Z,2018-10-26T13:28:50Z
14,2018-10-29T21:01:01Z,2018-10-25T22:14:30Z
15,2018-10-26T02:07:33Z,2018-10-25T22:06:19Z
16,2018-11-01T08:04:04Z,2018-10-27T00:02:03Z
17,2018-10-28T10:37:54Z,2018-10-27T22:35:30Z
18,2018-11-01T10:08:40Z,2018-10-31T19:02:48Z
19,2018-11-01T06:02:09Z,2018-10-28T09:58:58Z
16,2018-10-28T07:31:06Z,2018-10-26T03:43:35Z
1,2018-10-29T16:16:10Z,2018-10-29T09:50:35Z
2,2018-11-01T20:56:54Z,2018-10-29T10:49:00Z
3,2018-10-31T02:07:50Z,2018-10-28T17:35:40Z
4,2018-10-28T18:49:42Z,2018-10-28T15:53:49Z
5,2018-10-27T13:33:34Z,2018-10-26T05:00:35Z
6,2018-10-30T00:28:28Z,2018-10-28T11:05:45Z
7,2018-10-29T02:41:53Z,2018-10-27T08:17:55Z
8,2018-11-01T17:13:19Z,2018-10-29T05:47:48Z
9,2018-10-31T23:55:28Z,2018-10-30T21:46:34Z
10,2018-10-26T11:33:45Z,2018-10-25T22:41:47Z
11,2018-10-26T20:06:43Z,2018-10-26T16:07:20Z
12,2018-10-26T11:30:59Z,2018-10-26T02:40:59Z
13,2018-10-30T09:34:56Z,2018-10-29T11:48:42Z
14,2018-10-31T00:04:50Z,2018-10-26T04:28:42Z
15,2018-10-27T23:01:22Z,2018-10-27T09:23:10Z
16,2018-10-26T03:25:42Z,2018-10-26T01:06:21Z
17,2018-11-01T18:19:52Z,2018-10-27T22:52:07Z
18,2018-10-30T10:29:55Z,2018-10-27T14:02:17Z
19,2018-10-31T02:46:53Z,2018-10-26T22:43:56Z
15,2018-10-27T07:32:34Z,2018-10-27T02:02:20Z
1,2018-10-31T22:24:52Z,2018-10-27T10:36:14Z
2,2018-10-27T13:43:24Z,2018-10-27T13:01:43Z
3,2018-10-26T03:34:51Z,2018-10-25T23:17:55Z
4,2018-10-30T00:41:45Z,2018-10-27T17:22:24Z
5,2018-10-26T16:55:59Z,2018-10-26T11:42:43Z
6,2018-10-29T13:48:37Z,2018-10-27T23:26:16Z
7,2018-10-27T17:12:01Z,2018-10-26T21:47:48Z
8,2018-10-28T08:59:18Z,2018-10-25T22:12:32Z
9,2018-11-01T14:03:49Z,2018-10-31T13:12:27Z
10,2018-10-30T04:24:09Z,2018-10-28T08:08:10Z
11,2018-10-29T12:15:41Z,2018-10-27T03:08:21Z
12,2018-10-27T01:18:05Z,2018-10-26T10:38:22Z
13,2018-10-30T18:49:26Z,2018-10-28T22:22:52Z
14,2018-10-25T23:16:24Z,2018-10-25T23:06:54Z
15,2018-10-26T15:40:40Z,2018-10-26T08:47:42Z
16,2018-10-29T04:29:53Z,2018-10-28T22:57:58Z
17,2018-10-31T12:53:58Z,2018-10-29T19:00:08Z
18,2018-10-31T16:56:57Z,2018-10-31T14:11:55Z
19,2018-10-27T19:58:48Z,2018-10-27T12:12:00Z
5,2018-10-29T16:03:54Z,2018-10-28T19:04:01Z
1,2018-10-29T06:11:33Z,2018-10-26T14:03:11Z
2,2018-10-27T21:06:52Z,2018-10-26T10:22:12Z
3,2018-10-27T10:29:30Z,2018-10-27T07:56:32Z
4,2018-10-29T01:37:25Z,2018-10-26T15:30:11Z
5,2018-10-28T07:04:07Z,2018-10-26T21:50:17Z
6,2018-10-29T21:18:35Z,2018-10-27T14:21:00Z
7,2018-10-29T22:53:05Z,2018-10-28T04:12:01Z
8,2018-10-29T11:46:39Z,2018-10-27T11:31:49Z
9,2018-10-28T14:53:14Z,2018-10-27T01:48:49Z
10,2018-10-27T23:08:07Z,2018-10-27T20:46:23Z
11,2018-11-01T12:26:56Z,2018-10-31T12:33:41Z
12,2018-10-27T06:07:39Z,2018-10-26T00:14:09Z
13,2018-10-27T20:02:22Z,2018-10-26T13:19:48Z
14,2018-11-01T20:49:42Z,2018-10-27T04:29:37Z
15,2018-10-31T00:56:56Z,2018-10-26T22:04:21Z
16,2018-11-01T15:12:42Z,2018-10-30T16:54:06Z
17,2018-10-27T10:14:59Z,2018-10-27T03:57:00Z
18,2018-10-26T21:21:27Z,2018-10-26T06:51:24Z
19,2018-10-29T02:12:35Z,2018-10-27T12:14:10Z
14,2018-11-01T03:42:15Z,2018-10-28T12:23:32Z
1,2018-10-27T19:50:20Z,2018-10-26T21:25:15Z
2,2018-10-31T06:18:04Z,2018-10-27T16:57:32Z
3,2018-10-30T04:31:25Z,2018-10-29T03:34:20Z
4,2018-10-31T09:53:44Z,2018-10-28T08:18:14Z
5,2018-10-27T05:06:27Z,2018-10-26T18:22:39Z
6,2018-10-28T13:05:14Z,2018-10-27T07:53:10Z
7,2018-10-31T12:30:02Z,2018-10-31T02:45:55Z
8,2018-10-28T05:38:22Z,2018-10-25T22:55:09Z
9,2018-10-30T17:10:59Z,2018-10-30T06:28:07Z
10,2018-10-27T19:17:30Z,2018-10-26T06:09:22Z
11,2018-10-26T11:20:20Z,2018-10-26T05:56:00Z
12,2018-10-31T17:05:52Z,2018-10-27T00:52:30Z
13,2018-10-25T21:36:43Z,2018-10-25T21:35:09Z
14,2018-10-30T06:32:17Z,2018-10-27T18:00:14Z
15,2018-10-26T13:53:29Z,2018-10-25T23:01:07Z
16,2018-11-01T05:55:09Z,2018-10-31T12:24:45Z
17,2018-10-28T01:24:51Z,2018-10-26T23:17:59Z
18,2018-10-31T09:00:22Z,2018-10-31T08:20:51Z
19,2018-10-30T11:39:44Z,2018-10-26T16:25:45Z
16,2018-10-29T13:07:17Z,2018-10-29T07:40:53Z
1,2018-10-29T09:18:46Z,2018-10-27T18:06:48Z
2,2018-10-27T11:21:35Z,2018-10-26T01:04:45Z
3,2018-11-01T07:22:16Z,2018-10-27T20:28:57Z
4,2018-10-29T23:39:51Z,2018-10-29T22:57:14Z
5,2018-10-31T14:41:16Z,2018-10-30T01:11:23Z
6,2018-10-26T23:07:29Z,2018-10-26T11:17:27Z
7,2018-10-28T03:18:10Z,2018-10-27T06:52:55Z
8,2018-10-29T18:39:46Z,2018-10-29T18:22:03Z
9,2018-10-31T14:59:45Z,2018-10-29T07:37:00Z
10,2018-10-30T05:06:42Z,2018-10-27T22:40:48Z
11,2018-11-01T20:13:40Z,2018-10-30T13:38:38Z
12,2018-10-31T05:15:21Z,2018-10-26T23:45:32Z
13,2018-10-31T20:10:38Z,2018-10-31T16:52:08Z
14,2018-11-01T02:13:23Z,2018-10-26T17:25:32Z
15,2018-10-26T04:26:25Z,2018-10-26T02:06:12Z
16,2018-10-29T17:34:08Z,2018-10-27T05:46:24Z
17,2018-10-30T16:11:39Z,2018-10-29T17:21:36Z
18,2018-11-01T12:37:29Z,2018-10-29T22:24:02Z
19,2018-11-01T18:54:05Z,2018-10-28T14:50:34Z
6,2018-11-01T15:02:27Z,2018-10-29T08:50:49Z
1,2018-10-26T15:56:16Z,2018-10-25T22:54:21Z
2,2018-10-29T23:45:25Z,2018-10-28T13:00:58Z
3,2018-11-01T09:08:46Z,2018-10-26T13:10:01Z
4,2018-10-31T17:12:59Z,2018-10-27T16:24:22Z
5,2018-10-29T06:00:44Z,2018-10-26T05:18:57Z
6,2018-10-30T02:39:05Z,2018-10-30T02:14:15Z
7,2018-10-30T15:49:51Z,2018-10-27T03:26:58Z
8,2018-11-01T03:43:53Z,2018-10-28T21:44:09Z
9,2018-10-29T23:35:21Z,2018-10-28T00:41:54Z
10,2018-10-28T11:24:44Z,2018-10-27T05:36:32Z
11,2018-10-27T14:53:12Z,2018-10-27T10:59:55Z
12,2018-10-28T05:42:42Z,2018-10-27T08:48:37Z
13,2018-10-26T14:57:01Z,2018-10-26T03:27:07Z
14,2018-10-29T07:46:31Z,2018-10-29T07:20:43Z
15,2018-10-27T23:59:05Z,2018-10-27T01:44:48Z
16,2018-10-30T03:25:32Z,2018-10-26T18:27:28Z
17,2018-10-28T13:39:52Z,2018-10-26T04:33:54Z
18,2018-10-28T04:26:30Z,2018-10-27T10:14:57Z
19,2018-10-26T20:12:46Z,2018-10-25T22:26:18Z
9,2018-10-29T09:01:23Z,2018-10-29T07:23:40Z
1,2018-10-29T13:19:06Z,2018-10-27T19:10:18Z
2,2018-10-29T04:59:24Z,2018-10-28T15:19:14Z
3,2018-10-26T13:13:42Z,2018-10-26T04:07:11Z
4,2018-11-01T10:54:47Z,2018-10-30T06:49:00Z
5,2018-10-30T22:24:44Z,2018-10-29T05:23:29Z
6,2018-10-28T15:43:08Z,2018-10-26T13:03:37Z
7,2018-10-29T11:50:09Z,2018-10-27T16:41:58Z
8,2018-10-31T02:07:33Z,2018-10-29T04:13:35Z
9,2018-11-01T01:28:30Z,2018-10-26T20:21:51Z
10,2018-10-28T00:07:46Z,2018-10-26T06:53:05Z
11,2018-10-29T08:50:13Z,2018-10-27T01:46:07Z
12,2018-10-30T09:43:15Z,2018-10-27T02:47:11Z
13,2018-10-27T22:10:50Z,2018-10-27T15:20:43Z
14,2018-10-28T06:24:21Z,2018-10-26T04:46:25Z
15,2018-10-27T13:37:36Z,2018-10-26T20:14:14Z
16,2018-10-27T16:42:42Z,2018-10-25T22:22:04Z
17,2018-10-27T13:46:54Z,2018-10-26T06:42:08Z
18,2018-10-31T19:54:47Z,2018-10-27T06:25:01Z
19,2018-10-29T23:26:55Z,2018-10-28T04:50:11Z
9,2018-10-27T15:34:10Z,2018-10-25T22:47:40Z
1,2018-10-26T20:46:34Z,2018-10-26T15:56:52Z
2,2018-10-28T13:25:50Z,2018-10-28T10:59:44Z
3,2018-10-29T01:25:42Z,2018-10-26T00:09:55Z
4,2018-10-26T19:10:37Z,2018-10-25T21:33:49Z
5,2018-11-01T04:31:57Z,2018-10-27T03:50:11Z
6,2018-10-27T16:28:52Z,2018-10-26T03:15:39Z
7,2018-10-28T13:42:36Z,2018-10-26T13:27:27Z
8,2018-10-27T02:45:53Z,2018-10-26T17:07:20Z
9,2018-10-27T01:05:38Z,2018-10-26T21:01:27Z
10,2018-10-28T19:01:53Z,2018-10-26T02:17:45Z
11,2018-10-26T20:02:49Z,2018-10-26T04:12:16Z
12,2018-10-31T02:28:59Z,2018-10-28T10:01:01Z
13,2018-11-01T14:42:17Z,2018-10-26T12:55:28Z
14,2018-10-26T16:57:33Z,2018-10-26T09:38:32Z
15,2018-10-29T14:35:36Z,2018-10-28T17:43:21Z
16,2018-10-26T18:35:42Z,2018-10-26T11:54:39Z
17,2018-10-31T16:26:50Z,2018-10-29T01:18:42Z
18,2018-10-31T19:20:21Z,2018-10-27T11:57:06Z
19,2018-10-30T17:10:36Z,2018-10-25T22:31:08Z
13,2018-10-28T03:18:19Z,2018-10-26T18:17:54Z
1,2018-10-30T20:13:30Z,2018-10-26T17:11:58Z
2,2018-10-27T18:12:22Z,2018-10-26T08:36:07Z
3,2018-10-25T23:52:28Z,2018-10-25T22:10:11Z
4,2018-10-28T09:19:37Z,2018-10-27T10:08:26Z
5,2018-11-01T00:56:50Z,2018-11-01T00:29:28Z
6,2018-10-25T23:11:18Z,2018-10-25T21:47:39Z
7,2018-10-31T05:44:37Z,2018-10-30T08:46:31Z
8,2018-10-29T22:32:27Z,2018-10-26T12:42:57Z
9,2018-10-26T20:53:45Z,2018-10-26T05:11:13Z
10,2018-10-28T13:42:40Z,2018-10-26T08:21:43Z
11,2018-10-28T23:51:33Z,2018-10-26T13:47:36Z
12,2018-11-01T14:43:24Z,2018-11-01T09:34:26Z
13,2018-10-30T03:30:38Z,2018-10-27T22:38:16Z
14,2018-10-31T21:46:31Z,2018-10-27T13:10:17Z
15,2018-10-26T01:25:27Z,2018-10-25T22:02:06Z
16,2018-11-01T16:24:29Z,2018-10-26T06:21:16Z
17,2018-10-31T23:08:54Z,2018-10-27T16:35:21Z
18,2018-10-30T12:31:50Z,2018-10-28T17:40:59Z
19,2018-10-29T02:03:33Z,2018-10-27T19:20:44Z
11,2018-10-30T21:25:01Z,2018-10-28T23:57:05Z
1,2018-11-01T20:58:01Z,2018-10-29T05:45:06Z
2,2018-10-29T15:12:08Z,2018-10-28T07:20:10Z
3,2018-10-27T17:33:01Z,2018-10-27T15:55:51Z
4,2018-10-29T13:32:29Z,2018-10-29T06:01:35Z
5,2018-10-25T22:12:26Z,2018-10-25T21:35:08Z
6,2018-10-30T14:31:37Z,2018-10-28T12:39:26Z
7,2018-10-30T06:20:25Z,2018-10-28T03:10:26Z
8,2018-11-01T03:24:19Z,2018-10-27T01:14:04Z
9,2018-10-29T14:08:25Z,2018-10-26T11:00:25Z
10,2018-10-26T03:14:56Z,2018-10-25T21:30:10Z
11,2018-10-28T00:10:35Z,2018-10-27T08:35:16Z
12,2018-10-27T12:41:16Z,2018-10-27T03:31:54Z
13,2018-10-26T05:11:44Z,2018-10-26T01:31:29Z
14,2018-10-28T20:32:43Z,2018-10-28T14:46:20Z
15,2018-10-28T23:52:19Z,2018-10-28T04:08:54Z
16,2018-10-28T13:26:24Z,2018-10-27T22:17:47Z
17,2018-10-30T10:00:50Z,2018-10-29T20:05:53Z
18,2018-10-26T12:56:15Z,2018-10-26T10:57:52Z
19,2018-10-28T20:29:43Z,2018-10-27T02:23:37Z
18,2018-10-28T18:04:52Z,2018-10-28T18:00:49Z
1,2018-10-28T15:00:02Z,2018-10-28T08:13:59Z
2,2018-10-27T13:45:57Z,2018-10-27T11:13:55Z
3,2018-10-26T05:31:02Z,2018-10-26T00:00:17Z
4,2018-10-26T06:26:32Z,2018-10-26T03:30:31Z
5,2018-11-01T12:19:34Z,2018-11-01T08:11:46Z
6,2018-11-01T01:20:01Z,2018-10-31T15:52:02Z
7,2018-10-27T05:40:19Z,2018-10-26T00:01:30Z
8,2018-10-31T19:42:21Z,2018-10-28T12:43:04Z
9,2018-10-29T16:02:11Z,2018-10-26T19:00:36Z
10,2018-10-30T03:23:43Z,2018-10-26T06:15:08Z
11,2018-11-01T17:42:56Z,2018-10-27T19:28:21Z
12,2018-10-27T16:07:45Z,2018-10-27T04:12:50Z
13,2018-10-28T22:54:26Z,2018-10-26T12:21:48Z
14,2018-10-29T08:36:26Z,2018-10-27T09:25:37Z
15,2018-10-28T11:28:05Z,2018-10-25T22:41:37Z
16,2018-10-29T20:22:12Z,2018-10-26T17:01:11Z
17,2018-10-29T05:28:10Z,2018-10-27T14:32:59Z
18,2018-10-29T09:28:26Z,2018-10-28T14:02:04Z
19,2018-10-31T07:14:32Z,2018-10-26T16:19:00Z
1,2018-10-27T15:33:13Z,2018-10-27T00:07:38Z
1,2018-11-01T20:25:44Z,2018-11-01T01:04:00Z
2,2018-10-26T01:42:00Z,2018-10-25T22:34:07Z
3,2018-10-26T09:56:31Z,2018-10-25T23:28:24Z
4,2018-10-31T14:27:44Z,2018-10-27T09:24:59Z
5,2018-11-01T01:18:56Z,2018-10-27T06:28:01Z
6,2018-10-27T17:52:14Z,2018-10-26T00:37:33Z
7,2018-10-28T20:53:56Z,2018-10-27T14:24:22Z
8,2018-11-01T00:46:56Z,2018-10-26T19:04:59Z
9,2018-10-29T13:07:26Z,2018-10-28T00:59:18Z
10,2018-10-28T06:36:19Z,2018-10-28T05:22:07Z
11,2018-10-27T14:13:03Z,2018-10-25T23:25:50Z
12,2018-10-26T04:55:52Z,2018-10-26T03:53:18Z
13,2018-10-27T01:38:49Z,2018-10-26T18:43:17Z
14,2018-11-01T16:02:57Z,2018-11-01T08:44:56Z
15,2018-10-28T23:17:23Z,2018-10-28T17:36:00Z
16,2018-10-29T11:05:41Z,2018-10-26T08:11:48Z
17,2018-10-29T15:52:19Z,2018-10-28T11:53:08Z
18,2018-10-28T11:07:13Z,2018-10-27T14:31:32Z
19,2018-10-26T01:06:46Z,2018-10-25T22:57:13Z
13,2018-10-28T14:58:35Z,2018-10-25T21:37:38Z
1,2018-11-01T19:43:45Z,2018-10-30T08:21:18Z
2,2018-10-31T23:34:58Z,2018-10-27T18:55:13Z
3,2018-10-28T23:52:20Z,2018-10-26T09:01:12Z
4,2018-11-01T07:56:45Z,2018-10-30T01:18:35Z
5,2018-10-28T11:58:13Z,2018-10-27T15:51:58Z
6,2018-10-29T20:27:48Z,2018-10-29T06:26:49Z
7,2018-10-26T02:27:29Z,2018-10-25T21:58:58Z
8,2018-10-29T00:52:07Z,2018-10-28T09:15:55Z
9,2018-10-27T16:27:20Z,2018-10-26T08:57:25Z
10,2018-10-28T01:21:50Z,2018-10-27T19:19:21Z
11,2018-10-28T02:28:24Z,2018-10-27T14:36:02Z
12,2018-11-01T11:00:26Z,2018-10-26T12:30:25Z
13,2018-11-01T18:42:43Z,2018-10-27T14:32:03Z
14,2018-10-26T12:58:54Z,2018-10-26T07:16:53Z
15,2018-10-27T02:21:08Z,2018-10-25T23:44:35Z
16,2018-10-28T09:23:01Z,2018-10-26T04:09:55Z
17,2018-10-28T14:03:18Z,2018-10-26T03:55:04Z
18,2018-10-26T14:31:46Z,2018-10-26T12:49:25Z
19,2018-10-31T20:53:43Z,2018-10-26T14:29:23Z
16,2018-10-29T18:13:57Z,2018-10-27T04:03:48Z
1,2018-10-30T14:07:09Z,2018-10-29T22:27:34Z
2,2018-10-27T01:24:25Z,2018-10-26T15:31:03Z
3,2018-10-26T04:26:38Z,2018-10-25T23:37:53Z
4,2018-10-27T19:59:58Z,2018-10-26T06:28:18Z
5,2018-10-27T00:53:07Z,2018-10-26T18:57:49Z
6,2018-10-28T11:25:32Z,2018-10-27T04:08:27Z
7,2018-10-31T20:26:43Z,2018-10-28T12:44:06Z
8,2018-10-27T05:49:32Z,2018-10-27T03:14:47Z
9,2018-10-28T00:14:44Z,2018-10-26T14:41:06Z
10,2018-10-29T05:55:16Z,2018-10-27T03:08:01Z
11,2018-11-01T12:54:33Z,2018-10-30T21:27:21Z
12,2018-11-01T06:43:40Z,2018-10-30T10:13:23Z
13,2018-11-01T05:37:53Z,2018-10-27T19:11:05Z
14,2018-10-29T21:33:07Z,2018-10-26T22:47:59Z
15,2018-10-30T12:06:53Z,2018-10-27T09:02:22Z
16,2018-10-30T05:07:35Z,2018-10-28T18:29:34Z
17,2018-10-27T03:10:14Z,2018-10-26T10:32:17Z
18,2018-10-27T07:55:47Z,2018-10-27T03:09:59Z
19,2018-10-27T02:16:50Z,2018-10-26T23:40:16Z
14,2018-10-27T03:37:42Z,2018-10-26T03:30:54Z
1,2018-10-27T14:24:25Z,2018-10-27T09:38:28Z
2,2018-10-31T03:04:30Z,2018-10-27T15:52:02Z
3,2018-10-26T02:30:31Z,2018-10-26T01:11:11Z
4,2018-10-28T23:20:52Z,2018-10-26T05:10:00Z
5,2018-10-27T09:21:28Z,2018-10-26T08:49:52Z
6,2018-10-26T07:07:18Z,2018-10-25T23:29:37Z
7,2018-11-01T07:33:24Z,2018-10-28T23:36:13Z
8,2018-10-31T16:36:04Z,2018-10-27T18:52:53Z
9,2018-10-29T02:56:14Z,2018-10-29T02:43:50Z
10,2018-10-30T14:00:52Z,2018-10-28T21:57:49Z
11,2018-11-01T01:27:20Z,2018-10-30T22:26:42Z
12,2018-10-29T09:50:32Z,2018-10-28T16:03:57Z
13,2018-10-28T10:52:52Z,2018-10-27T06:51:07Z
14,2018-10-31T05:28:46Z,2018-10-29T00:10:32Z
15,2018-11-01T19:45:22Z,2018-10-29T07:31:26Z
16,2018-10-26T18:06:07Z,2018-10-26T02:02:52Z
17,2018-10-31T06:10:43Z,2018-10-29T09:28:31Z
18,2018-10-30T03:59:51Z,2018-10-26T07:52:34Z
19,2018-10-26T10:48:02Z,2018-10-26T05:38:41Z
7,2018-10-29T18:25:54Z,2018-10-26T06:19:59Z
1,2018-10-27T08:33:33Z,2018-10-26T16:09:15Z
2,2018-10-27T00:48:10Z,2018-10-26T12:58:53Z
3,2018-10-26T04:16:39Z,2018-10-26T00:32:24Z
4,2018-11-01T09:02:48Z,2018-10-29T17:22:14Z
5,2018-10-30T08:17:59Z,2018-10-27T17:02:20Z
6,2018-10-30T09:20:20Z,2018-10-27T09:14:45Z
7,2018-10-29T23:39:02Z,2018-10-26T21:26:35Z
8,2018-10-30T06:00:22Z,2018-10-29T16:44:36Z
9,2018-10-29T09:26:26Z,2018-10-28T10:17:45Z
10,2018-10-30T20:15:56Z,2018-10-29T17:17:58Z
11,2018-10-28T14:27:35Z,2018-10-27T11:56:46Z
12,2018-10-28T13:02:53Z,2018-10-26T06:48:08Z
13,2018-10-30T05:25:07Z,2018-10-28T13:22:40Z
14,2018-10-26T18:38:04Z,2018-10-26T01:20:38Z
15,2018-10-30T07:34:02Z,2018-10-27T19:12:44Z
16,2018-10-29T18:55:45Z,2018-10-27T05:44:41Z
17,2018-11-01T22:11:39Z,2018-10-26T20:49:17Z
18,2018-11-01T11:53:56Z,2018-10-31T02:57:51Z
19,2018-10-31T12:09:12Z,2018-10-28T03:59:30Z
19,2018-10-31T05:27:08Z,2018-10-31T01:00:46Z
1,2018-10-26T02:59:13Z,2018-10-26T01:15:27Z
2,2018-10-26T18:57:59Z,2018-10-26T03:00:22Z
3,2018-10-27T12:36:35Z,2018-10-27T01:02:50Z
4,2018-10-26T02:17:45Z,2018-10-25T22:09:20Z
5,2018-10-29T02:02:05Z,2018-10-28T07:59:53Z
6,2018-11-01T09:23:12Z,2018-10-31T09:01:02Z
7,2018-10-28T05:38:31Z,2018-10-26T23:08:42Z
8,2018-10-28T07:19:06Z,2018-10-27T12:00:55Z
9,2018-10-28T13:45:19Z,2018-10-26T01:53:30Z
10,2018-10-29T03:50:26Z,2018-10-27T08:46:53Z
11,2018-10-31T21:58:38Z,2018-10-30T09:15:48Z
12,2018-10-27T02:28:43Z,2018-10-26T08:24:45Z
13,2018-10-30T09:54:23Z,2018-10-27T16:18:19Z
14,2018-11-01T03:09:12Z,2018-10-28T00:20:59Z
15,2018-10-30T04:51:46Z,2018-10-28T05:20:59Z
16,2018-10-30T17:51:29Z,2018-10-28T06:28:34Z
17,2018-10-28T18:14:48Z,2018-10-28T10:41:15Z
18,2018-10-29T10:20:00Z,2018-10-28T08:32:49Z
19,2018-10-25T23:45:31Z,2018-10-25T21:56:52Z
20,2018-10-30T11:39:51Z,2018-10-26T18:02:27Z
1,2018-10-26T02:12:27Z,2018-10-25T22:20:11Z
2,2018-10-26T21:48:03Z,2018-10-26T00:44:13Z
3,2018-10-28T23:22:21Z,2018-10-28T00:32:45Z
4,2018-10-30T09:32:15Z,2018-10-28T14:38:36Z
5,2018-10-30T17:22:33Z,2018-10-30T13:29:38Z
6,2018-10-26T22:35:57Z,2018-10-26T05:15:48Z
7,2018-10-27T21:06:36Z,2018-10-26T20:10:45Z
8,2018-10-27T19:00:55Z,2018-10-26T00:07:24Z
9,2018-10-30T16:13:13Z,2018-10-29T09:53:42Z
10,2018-11-01T15:37:54Z,2018-10-31T01:37:57Z
11,2018-10-27T21:40:17Z,2018-10-27T00:05:22Z
12,2018-10-27T11:04:52Z,2018-10-26T01:23:20Z
13,2018-10-31T11:05:34Z,2018-10-29T23:06:00Z
14,2018-10-25T22:59:35Z,2018-10-25T22:55:55Z
15,2018-10-30T05:43:44Z,2018-10-26T23:59:42Z
16,2018-10-30T17:46:47Z,2018-10-27T21:39:42Z
17,2018-10-26T23:54:48Z,2018-10-26T14:12:08Z
18,2018-10-29T11:03:34Z,2018-10-27T14:27:05Z
19,2018-10-31T08:08:57Z,2018-10-26T15:37:21Z
3,2018-10-30T05:38:15Z,2018-10-28T20:58:50Z
1,2018-10-28T00:51:56Z,2018-10-27T13:16:27Z
2,2018-11-01T16:56:39Z,2018-10-27T07:02:19Z
3,2018-10-25T23:34:31Z,2018-10-25T22:47:02Z
4,2018-10-28T03:12:38Z,2018-10-27T19:49:09Z
5,2018-10-28T13:06:40Z,2018-10-27T16:18:51Z
6,2018-11-01T20:05:15Z,2018-10-28T05:14:46Z
7,2018-10-30T00:13:37Z,2018-10-26T02:17:32Z
8,2018-10-27T09:58:18Z,2018-10-26T11:23:34Z
9,2018-10-29T04:06:29Z,2018-10-27T06:05:26Z
10,2018-10-29T13:17:21Z,2018-10-27T16:19:09Z
11,2018-10-26T02:06:36Z,2018-10-25T22:58:30Z
12,2018-10-27T15:57:20Z,2018-10-26T12:02:11Z
13,2018-11-01T01:54:30Z,2018-10-31T02:31:33Z
14,2018-10-27T12:30:01Z,2018-10-27T07:32:11Z
15,2018-10-26T00:07:31Z,2018-10-25T22:12:49Z
16,2018-11-01T06:31:10Z,2018-10-27T06:26:17Z
17,2018-10-27T21:36:48Z,2018-10-26T21:42:30Z
18,2018-10-28T23:08:08Z,2018-10-27T10:34:44Z
19,2018-10-27T11:18:02Z,2018-10-26T11:32:50Z
17,2018-11-01T17:26:06Z,2018-10-31T15:36:56Z
1,2018-10-27T07:32:11Z,2018-10-26T22:47:29Z
2,2018-10-30T11:05:10Z,2018-10-26T21:54:30Z
3,2018-10-28T02:03:27Z,2018-10-27T09:54:55Z
4,2018-11-01T11:38:15Z,2018-11-01T06:02:38Z
5,2018-10-28T01:39:33Z,2018-10-26T18:01:31Z
6,2018-10-31T07:51:16Z,2018-10-29T23:32:18Z
7,2018-10-30T23:33:53Z,2018-10-30T20:28:16Z
8,2018-11-01T03:54:13Z,2018-10-31T19:42:19Z
9,2018-11-01T18:49:55Z,2018-10-28T01:11:50Z
10,2018-11-01T09:59:39Z,2018-10-31T03:21:07Z
11,2018-11-01T08:36:39Z,2018-10-26T15:57:31Z
12,2018-10-31T00:34:56Z,2018-10-29T05:26:30Z
13,2018-10-27T02:34:38Z,2018-10-26T16:27:23Z
14,2018-10-30T09:35:42Z,2018-10-27T15:12:05Z
15,2018-10-29T05:43:09Z,2018-10-28T07:11:40Z
16,2018-10-26T19:18:53Z,2018-10-26T11:36:39Z
17,2018-10-31T08:30:14Z,2018-10-30T22:43:50Z
18,2018-10-31T20:38:59Z,2018-10-27T14:08:02Z
19,2018-11-01T03:35:33Z,2018-10-27T16:39:13Z
14,2018-10-28T16:06:55Z,2018-10-27T12:45:56Z
1,2018-11-01T02:07:13Z,2018-10-28T14:21:16Z
2,2018-10-28T07:58:10Z,2018-10-27T02:49:16Z
3,2018-10-28T15:48:30Z,2018-10-27T00:44:50Z
4,2018-10-28T10:23:49Z,2018-10-25T23:39:18Z
5,2018-10-28T06:05:20Z,2018-10-27T10:06:26Z
6,2018-11-01T03:36:57Z,2018-10-29T10:44:10Z
7,2018-10-28T18:04:06Z,2018-10-28T17:33:15Z
8,2018-10-29T20:36:15Z,2018-10-29T14:01:39Z
9,2018-10-27T15:51:09Z,2018-10-26T03:53:14Z
10,2018-10-30T10:16:53Z,2018-10-27T03:00:24Z
11,2018-10-29T17:37:15Z,2018-10-27T10:14:44Z
12,2018-10-29T03:31:57Z,2018-10-28T09:54:43Z
13,2018-10-28T09:01:24Z,2018-10-27T23:52:48Z
14,2018-10-26T00:39:31Z,2018-10-26T00:20:02Z
15,2018-11-01T13:57:25Z,2018-10-31T12:11:14Z
16,2018-10-31T05:29:10Z,2018-10-29T00:51:27Z
17,2018-10-29T04:13:27Z,2018-10-28T04:38:57Z
18,2018-11-01T03:10:38Z,2018-10-31T09:01:19Z
19,2018-10-31T08:38:02Z,2018-10-29T08:34:50Z
13,2018-10-26T23:12:53Z,2018-10-26T16:26:49Z
1,2018-10-29T19:40:08Z,2018-10-25T22:22:29Z
2,2018-10-30T07:36:00Z,2018-10-29T09:08:19Z
3,2018-10-26T00:33:24Z,2018-10-26T00:19:55Z
4,2018-10-31T09:51:01Z,2018-10-27T17:33:11Z
5,2018-10-27T01:37:16Z,2018-10-26T14:41:13Z
6,2018-10-26T05:35:43Z,2018-10-26T00:06:27Z
7,2018-10-27T17:54:53Z,2018-10-26T12:43:25Z
8,2018-10-31T16:18:15Z,2018-10-27T11:05:55Z
9,2018-10-28T14:19:38Z,2018-10-27T10:09:29Z
10,2018-10-26T11:36:59Z,2018-10-26T05:27:47Z
11,2018-10-29T23:19:48Z,2018-10-29T03:59:27Z
12,2018-10-28T03:24:01Z,2018-10-27T08:48:56Z
13,2018-10-25T23:15:43Z,2018-10-25T23:06:46Z
14,2018-10-31T06:04:27Z,2018-10-26T13:49:28Z
15,2018-11-01T11:18:36Z,2018-10-30T01:24:39Z
16,2018-10-27T11:56:09Z,2018-10-26T18:22:21Z
17,2018-11-01T21:54:48Z,2018-10-26T00:32:02Z
18,2018-10-31T02:21:48Z,2018-10-28T23:44:32Z
19,2018-10-31T15:20:23Z,2018-10-29T00:20:51Z
4,2018-10-30T13:06:48Z,2018-10-28T02:39:30Z
1,2018-10-31T14:54:19Z,2018-10-28T21:27:10Z
2,2018-10-27T10:52:03Z,2018-10-26T10:25:58Z
3,2018-10-28T09:23:34Z,2018-10-27T19:15:51Z
4,2018-10-26T12:42:14Z,2018-10-26T02:12:27Z
5,2018-11-01T05:01:44Z,2018-10-26T10:24:56Z
6,2018-10-30T15:02:46Z,2018-10-26T18:52:04Z
7,2018-10-30T11:53:27Z,2018-10-27T16:55:59Z
8,2018-10-28T09:11:06Z,2018-10-26T10:28:43Z
9,2018-10-28T12:49:52Z,2018-10-27T06:05:29Z
10,2018-10-28T02:40:04Z,2018-10-27T23:30:10Z
11,2018-10-31T10:46:34Z,2018-10-26T01:08:18Z
12,2018-11-01T08:55:38Z,2018-10-26T18:56:12Z
13,2018-11-01T19:50:12Z,2018-10-27T00:08:10Z
14,2018-11-01T12:56:03Z,2018-10-30T10:26:03Z
15,2018-10-27T20:00:43Z,2018-10-26T12:18:41Z
16,2018-10-30T17:03:20Z,2018-10-30T08:30:43Z
17,2018-10-27T20:14:49Z,2018-10-25T23:21:03Z
18,2018-10-30T01:20:51Z,2018-10-26T16:32:44Z
19,2018-11-01T12:35:49Z,2018-10-28T02:37:23Z
11,2018-10-31T22:00:29Z,2018-10-30T14:49:45Z
1,2018-10-31T07:05:32Z,2018-10-28T13:03:47Z
2,2018-10-31T09:30:17Z,2018-10-27T00:27:41Z
3,2018-10-28T02:10:48Z,2018-10-26T17:13:43Z
4,2018-11-01T16:31:08Z,2018-10-26T13:12:48Z
5,2018-10-30T20:39:23Z,2018-10-30T08:45:50Z
6,2018-10-28T23:39:51Z,2018-10-28T18:13:08Z
7,2018-10-29T06:42:09Z,2018-10-29T01:24:32Z
8,2018-10-28T07:40:01Z,2018-10-26T10:35:02Z
9,2018-10-28T18:33:13Z,2018-10-26T06:48:03Z
10,2018-10-27T17:35:14Z,2018-10-26T15:07:37Z
11,2018-10-31T13:28:11Z,2018-10-30T09:38:26Z
12,2018-10-30T00:17:27Z,2018-10-29T06:22:42Z
13,2018-10-29T18:04:50Z,2018-10-27T05:39:58Z
14,2018-10-30T04:21:25Z,2018-10-28T09:42:40Z
15,2018-10-27T12:50:43Z,2018-10-26T03:15:52Z
16,2018-10-31T23:24:03Z,2018-10-28T23:25:21Z
17,2018-10-26T14:41:53Z,2018-10-26T04:49:49Z
18,2018-10-31T16:12:02Z,2018-10-26T18:41:18Z
19,2018-10-28T16:32:01Z,2018-10-26T14:51:17Z
14,2018-10-30T02:45:54Z,2018-10-27T08:22:08Z
1,2018-11-01T07:39:59Z,2018-10-29T12:00:52Z
2,2018-10-26T11:04:42Z,2018-10-26T05:32:59Z
3,2018-10-30T20:35:14Z,2018-10-26T19:41:49Z
4,2018-10-28T14:54:55Z,2018-10-26T23:42:49Z
5,2018-10-31T10:56:17Z,2018-10-30T06:55:07Z
6,2018-10-31T01:53:32Z,2018-10-26T12:43:29Z
7,2018-10-28T04:21:33Z,2018-10-25T23:31:58Z
8,2018-10-28T14:16:42Z,2018-10-28T01:52:59Z
9,2018-10-30T05:12:24Z,2018-10-28T17:53:04Z
10,2018-10-28T07:35:56Z,2018-10-26T06:00:56Z
11,2018-10-31T16:11:09Z,2018-10-31T03:46:38Z
12,2018-10-27T05:18:43Z,2018-10-27T02:01:50Z
13,2018-11-01T18:13:57Z,2018-10-26T21:39:15Z
14,2018-10-29T09:38:22Z,2018-10-26T04:20:32Z
15,2018-10-29T22:07:13Z,2018-10-26T16:33:22Z
16,2018-10-28T12:03:48Z,2018-10-26T11:23:12Z
17,2018-10-28T14:48:00Z,2018-10-27T21:00:01Z
18,2018-10-26T14:56:32Z,2018-10-25T22:01:56Z
19,2018-10-26T03:19:34Z,2018-10-26T02:43:05Z
11,2018-10-29T10:44:37Z,2018-10-27T23:39:04Z
1,2018-10-31T04:09:26Z,2018-10-30T11:13:32Z
2,2018-10-28T11:24:12Z,2018-10-26T03:57:43Z
3,2018-10-30T09:35:06Z,2018-10-29T05:17:28Z
4,2018-10-31T22:44:57Z,2018-10-29T09:10:58Z
5,2018-10-30T19:23:43Z,2018-10-27T05:08:59Z
6,2018-10-31T19:32:56Z,2018-10-28T02:14:39Z
7,2018-10-27T14:14:18Z,2018-10-26T07:56:29Z
8,2018-10-31T08:12:34Z,2018-10-29T13:32:55Z
9,2018-10-30T14:36:48Z,2018-10-29T19:36:29Z
10,2018-10-28T09:19:29Z,2018-10-26T03:43:14Z
11,2018-10-27T07:49:58Z,2018-10-26T03:22:45Z
12,2018-10-30T09:03:06Z,2018-10-28T06:38:09Z
13,2018-10-29T13:57:32Z,2018-10-26T23:09:15Z
14,2018-10-27T07:45:57Z,2018-10-25T23:57:27Z
15,2018-10-30T12:31:18Z,2018-10-28T02:40:56Z
16,2018-10-28T01:56:20Z,2018-10-27T21:55:45Z
17,2018-10-28T20:53:49Z,2018-10-28T16:13:52Z
18,2018-11-01T06:47:29Z,2018-10-31T17:07:29Z
19,2018-10-31T22:35:51Z,2018-10-31T01:52:24Z
7,2018-10-31T10:17:34Z,2018-10-26T16:47:27Z
1,2018-10-30T05:38:36Z,2018-10-28T06:01:54Z
2,2018-10-27T03:57:30Z,2018-10-26T21:44:01Z
3,2018-10-30T12:05:08Z,2018-10-27T11:33:22Z
4,2018-10-27T02:00:49Z,2018-10-25T22:40:06Z
5,2018-10-31T04:58:24Z,2018-10-27T03:33:06Z
6,2018-10-27T11:16:18Z,2018-10-26T03:54:01Z
7,2018-10-29T13:58:27Z,2018-10-27T19:01:09Z
8,2018-10-30T03:47:16Z,2018-10-26T17:13:22Z
9,2018-10-27T17:49:28Z,2018-10-26T07:58:16Z
10,2018-10-27T20:27:18Z,2018-10-27T03:23:21Z
11,2018-10-28T07:45:55Z,2018-10-26T00:24:40Z
12,2018-10-27T11:36:15Z,2018-10-26T09:56:46Z
13,2018-10-29T23:39:39Z,2018-10-26T14:11:14Z
14,2018-10-30T22:05:07Z,2018-10-28T20:07:30Z
15,2018-10-27T02:47:16Z,2018-10-27T02:42:52Z
16,2018-10-31T18:31:47Z,2018-10-28T04:14:42Z
17,2018-10-27T17:25:06Z,2018-10-26T05:24:43Z
18,2018-10-30T05:44:28Z,2018-10-28T20:44:00Z
19,2018-10-29T19:40:52Z,2018-10-29T07:14:31Z
20,2018-10-26T22:40:16Z,2018-10-26T09:30:22Z
1,2018-10-27T00:23:41Z,2018-10-26T01:27:07Z
2,2018-10-30T09:15:21Z,2018-10-26T20:41:17Z
3,2018-10-29T14:50:40Z,2018-10-29T13:49:45Z
4,2018-10-28T01:00:41Z,2018-10-27T16:49:50Z
5,2018-10-31T17:47:44Z,2018-10-29T23:51:38Z
6,2018-10-29T23:18:37Z,2018-10-26T14:31:46Z
7,2018-10-28T09:34:01Z,2018-10-27T08:35:04Z
8,2018-10-31T05:55:28Z,2018-10-26T09:17:25Z
9,2018-10-27T15:43:46Z,2018-10-26T01:02:03Z
10,2018-10-29T07:20:40Z,2018-10-28T02:31:31Z
11,2018-10-28T11:46:44Z,2018-10-27T14:52:26Z
12,2018-10-30T00:36:28Z,2018-10-28T09:26:35Z
13,2018-11-01T01:43:43Z,2018-10-30T21:33:41Z
14,2018-10-28T17:20:13Z,2018-10-27T08:59:17Z
15,2018-10-30T11:22:33Z,2018-10-30T03:53:41Z
16,2018-10-31T21:46:53Z,2018-10-30T05:43:27Z
17,2018-10-27T02:35:36Z,2018-10-26T01:54:58Z
18,2018-10-26T20:38:44Z,2018-10-26T03:41:17Z
19,2018-10-31T04:10:41Z,2018-10-28T16:27:46Z
14,2018-10-30T07:23:57Z,2018-10-27T13:21:44Z
1,2018-10-28T02:18:51Z,2018-10-26T11:37:56Z
2,2018-10-29T17:59:50Z,2018-10-26T09:09:17Z
3,2018-10-28T12:08:02Z,2018-10-26T01:42:29Z
4,2018-10-29T15:53:30Z,2018-10-27T14:09:34Z
5,2018-10-27T16:47:40Z,2018-10-26T07:34:45Z
6,2018-11-01T11:32:26Z,2018-10-28T10:42:24Z
7,2018-10-27T04:14:28Z,2018-10-26T13:46:29Z
8,2018-10-27T16:39:22Z,2018-10-26T11:25:17Z
9,2018-10-29T09:06:23Z,2018-10-26T09:15:54Z
10,2018-10-28T13:14:32Z,2018-10-28T11:55:15Z
11,2018-10-30T18:58:33Z,2018-10-28T07:08:24Z
12,2018-10-28T11:26:23Z,2018-10-27T05:18:10Z
13,2018-10-26T19:02:37Z,2018-10-26T05:01:33Z
14,2018-10-30T12:24:41Z,2018-10-26T05:58:40Z
15,2018-10-27T13:46:43Z,2018-10-26T23:28:42Z
16,2018-10-30T17:21:08Z,2018-10-29T19:22:27Z
17,2018-10-29T02:11:47Z,2018-10-26T18:09:00Z
18,2018-10-31T17:52:18Z,2018-10-29T20:10:14Z
19,2018-10-27T03:29:40Z,2018-10-26T19:16:29Z
1,2018-10-26T15:11:54Z,2018-10-26T03:30:39Z
1,2018-10-26T06:18:39Z,2018-10-26T05:00:40Z
2,2018-10-27T12:29:46Z,2018-10-27T03:38:10Z
3,2018-10-26T18:25:00Z,2018-10-26T15:28:34Z
4,2018-10-25T23:46:44Z,2018-10-25T21:32:06Z
5,2018-10-30T00:14:59Z,2018-10-29T18:36:36Z
6,2018-10-28T14:42:41Z,2018-10-27T18:43:08Z
7,2018-10-26T12:53:03Z,2018-10-26T04:55:39Z
8,2018-10-28T10:24:54Z,2018-10-25T23:29:13Z
9,2018-10-28T21:24:38Z,2018-10-28T13:20:41Z
10,2018-11-01T16:14:05Z,2018-10-31T10:12:46Z
11,2018-11-01T20:23:21Z,2018-10-29T01:14:35Z
12,2018-10-28T00:45:52Z,2018-10-27T10:30:03Z
13,2018-10-31T06:04:08Z,2018-10-31T02:52:07Z
14,2018-10-26T09:09:53Z,2018-10-26T02:28:10Z
15,2018-10-26T07:51:09Z,2018-10-26T04:35:13Z
16,2018-10-28T23:51:50Z,2018-10-27T02:52:47Z
17,2018-11-01T00:55:52Z,2018-10-27T22:46:48Z
18,2018-10-31T20:22:29Z,2018-10-29T08:46:53Z
19,2018-10-28T17:53:41Z,2018-10-28T00:36:56Z
14,2018-11-01T14:42:18Z,2018-10-28T23:07:13Z
1,2018-10-30T23:44:43Z,2018-10-30T07:36:55Z
2,2018-10-26T12:44:55Z,2018-10-25T22:25:43Z
3,2018-10-26T02:29:29Z,2018-10-25T21:40:38Z
4,2018-10-28T14:46:08Z,2018-10-26T09:10:16Z
5,2018-11-01T13:49:47Z,2018-10-26T18:42:42Z
6,2018-10-27T12:57:45Z,2018-10-26T09:54:58Z
7,2018-10-28T11:06:02Z,2018-10-26T07:30:59Z
8,2018-10-28T20:41:05Z,2018-10-26T03:20:32Z
9,2018-10-30T04:12:16Z,2018-10-27T09:14:56Z
10,2018-10-31T18:43:41Z,2018-10-27T15:52:56Z
11,2018-10-27T11:30:40Z,2018-10-26T20:30:46Z
12,2018-10-29T17:15:17Z,2018-10-26T07:34:36Z
13,2018-10-27T18:15:22Z,2018-10-25T22:05:41Z
14,2018-10-31T17:07:37Z,2018-10-30T16:26:11Z
15,2018-10-30T21:06:43Z,2018-10-26T19:28:24Z
16,2018-10-30T18:41:38Z,2018-10-27T10:35:27Z
17,2018-10-27T12:01:19Z,2018-10-26T10:13:01Z
18,2018-10-30T18:18:28Z,2018-10-27T03:17:02Z
19,2018-10-29T03:35:43Z,2018-10-28T20:36:59Z
13,2018-10-31T08:13:54Z,2018-10-29T21:53:27Z
1,2018-10-26T08:52:55Z,2018-10-25T21:46:53Z
2,2018-10-28T21:47:38Z,2018-10-27T21:38:54Z
3,2018-10-30T08:51:08Z,2018-10-27T19:10:52Z
4,2018-10-29T09:33:24Z,2018-10-28T10:01:44Z
5,2018-11-01T19:46:37Z,2018-11-01T05:31:23Z
6,2018-10-26T15:41:11Z,2018-10-26T08:53:16Z
7,2018-10-27T01:22:32Z,2018-10-26T11:38:07Z
8,2018-10-27T13:54:48Z,2018-10-26T05:34:33Z
9,2018-10-31T22:15:09Z,2018-10-28T14:53:11Z
10,2018-10-28T08:35:09Z,2018-10-26T22:00:26Z
11,2018-10-29T03:04:47Z,2018-10-26T12:11:46Z
12,2018-10-30T23:27:30Z,2018-10-28T08:27:06Z
13,2018-10-30T23:58:13Z,2018-10-27T05:45:43Z
14,2018-10-31T05:12:27Z,2018-10-29T18:04:45Z
15,2018-10-31T23:03:22Z,2018-10-31T09:01:53Z
16,2018-10-29T01:32:19Z,2018-10-27T13:26:20Z
17,2018-11-01T02:17:06Z,2018-10-31T23:08:17Z
18,2018-11-01T07:37:27Z,2018-10-27T01:34:16Z
19,2018-10-27T19:43:11Z,2018-10-26T04:15:53Z
20,2018-10-30T21:22:39Z,2018-10-27T15:42:48Z
1,2018-10-28T12:01:36Z,2018-10-28T01:34:48Z
2,2018-10-31T07:23:15Z,2018-10-27T17:05:50Z
3,2018-10-27T09:56:00Z,2018-10-27T02:52:44Z
4,2018-10-28T12:08:11Z,2018-10-26T13:35:11Z
5,2018-10-25T22:57:39Z,2018-10-25T21:32:42Z
6,2018-10-31T06:37:16Z,2018-10-30T02:15:35Z
7,2018-10-26T05:18:55Z,2018-10-25T23:54:21Z
8,2018-10-28T09:04:25Z,2018-10-26T18:48:28Z
9,2018-11-01T01:11:56Z,2018-10-28T18:40:29Z
10,2018-10-29T15:32:54Z,2018-10-27T02:18:06Z
11,2018-10-29T12:01:37Z,2018-10-27T01:00:17Z
12,2018-11-01T16:14:06Z,2018-10-31T14:55:36Z
13,2018-10-31T10:36:12Z,2018-10-28T03:20:12Z
14,2018-10-28T01:26:32Z,2018-10-27T05:34:29Z
15,2018-10-29T00:11:02Z,2018-10-28T19:49:17Z
16,2018-10-25T22:52:21Z,2018-10-25T21:42:06Z
17,2018-10-26T16:33:58Z,2018-10-26T01:26:57Z
18,2018-10-26T13:57:46Z,2018-10-26T09:02:19Z
19,2018-10-31T06:53:41Z,2018-10-27T18:11:32Z
17,2018-10-31T23:55:23Z,2018-10-31T16:16:41Z
1,2018-10-26T19:25:14Z,2018-10-26T14:42:04Z
2,2018-10-27T15:14:18Z,2018-10-27T12:01:54Z
3,2018-11-01T17:28:57Z,2018-10-28T12:43:29Z
4,2018-10-27T23:08:12Z,2018-10-26T01:35:10Z
5,2018-10-27T16:01:11Z,2018-10-25T21:56:27Z
6,2018-10-31T21:24:09Z,2018-10-30T07:13:03Z
7,2018-10-30T01:59:27Z,2018-10-28T16:01:23Z
8,2018-10-29T09:36:06Z,2018-10-28T22:04:37Z
9,2018-10-28T15:25:18Z,2018-10-28T03:15:18Z
10,2018-11-01T05:42:48Z,2018-10-29T16:52:24Z
11,2018-11-01T10:38:04Z,2018-10-30T02:56:32Z
12,2018-10-31T00:36:36Z,2018-10-26T03:51:26Z
13,2018-10-31T08:51:58Z,2018-10-26T17:21:50Z
14,2018-10-29T19:59:33Z,2018-10-28T06:34:45Z
15,2018-10-29T11:32:44Z,2018-10-28T18:07:48Z
16,2018-10-27T03:28:48Z,2018-10-26T22:51:36Z
17,2018-10-28T09:18:24Z,2018-10-26T00:36:18Z
18,2018-10-29T04:08:16Z,2018-10-25T23:02:17Z
19,2018-10-30T03:13:35Z,2018-10-26T01:19:20Z
2,2018-10-26T00:40:16Z,2018-10-25T22:06:53Z
1,2018-10-27T23:00:06Z,2018-10-26T19:00:06Z
2,2018-10-28T11:49:48Z,2018-10-26T22:12:22Z
3,2018-10-30T19:05:04Z,2018-10-28T07:23:17Z
4,2018-10-26T00:27:09Z,2018-10-25T23:40:23Z
5,2018-10-26T16:33:32Z,2018-10-26T00:07:26Z
6,2018-10-26T23:06:06Z,2018-10-26T17:26:16Z
7,2018-10-30T20:39:38Z,2018-10-27T20:12:12Z
8,2018-10-29T19:37:52Z,2018-10-26T21:30:18Z
9,2018-10-25T23:04:16Z,2018-10-25T21:35:55Z
10,2018-11-01T10:46:32Z,2018-10-29T23:37:18Z
11,2018-10-28T17:06:03Z,2018-10-26T03:47:28Z
12,2018-10-28T00:10:20Z,2018-10-27T12:54:35Z
13,2018-10-31T15:24:38Z,2018-10-29T19:08:01Z
14,2018-10-27T14:19:44Z,2018-10-26T02:36:21Z
15,2018-10-26T18:03:25Z,2018-10-26T07:46:55Z
16,2018-10-30T21:22:10Z,2018-10-27T21:02:20Z
17,2018-10-31T02:32:11Z,2018-10-26T00:18:50Z
18,2018-10-27T03:52:27Z,2018-10-26T03:23:56Z
19,2018-10-31T19:07:18Z,2018-10-31T10:35:24Z
6,2018-11-01T08:43:56Z,2018-10-28T19:11:46Z
1,2018-10-26T19:08:12Z,2018-10-26T15:24:51Z
2,2018-10-26T13:23:55Z,2018-10-26T08:27:53Z
3,2018-10-30T04:16:52Z,2018-10-29T12:26:57Z
4,2018-10-31T21:41:36Z,2018-10-26T16:07:19Z
5,2018-10-29T15:18:12Z,2018-10-25T23:51:10Z
6,2018-10-31T03:14:45Z,2018-10-27T01:12:22Z
7,2018-10-27T07:46:39Z,2018-10-26T11:31:39Z
8,2018-10-30T13:13:05Z,2018-10-27T08:10:00Z
9,2018-10-28T18:40:01Z,2018-10-28T02:28:37Z
10,2018-10-29T03:46:52Z,2018-10-26T00:33:35Z
11,2018-10-27T11:01:54Z,2018-10-26T19:05:24Z
12,2018-10-29T14:23:19Z,2018-10-27T08:34:30Z
13,2018-10-29T03:36:04Z,2018-10-27T05:44:20Z
14,2018-10-30T15:44:29Z,2018-10-30T15:33:53Z
15,2018-10-27T20:29:43Z,2018-10-26T22:51:13Z
16,2018-10-30T00:09:56Z,2018-10-29T05:05:28Z
17,2018-10-30T04:50:21Z,2018-10-29T18:01:56Z
18,2018-10-27T17:19:46Z,2018-10-25T23:21:53Z
19,2018-10-26T11:58:10Z,2018-10-26T09:12:00Z
11,2018-10-29T23:45:15Z,2018-10-28T18:36:20Z
1,2018-10-27T10:50:32Z,2018-10-26T01:04:42Z
2,2018-11-01T02:50:09Z,2018-10-30T23:07:34Z
3,2018-10-27T07:18:02Z,2018-10-26T00:23:44Z
4,2018-10-28T14:30:01Z,2018-10-27T17:25:15Z
5,2018-11-01T18:49:50Z,2018-10-29T11:03:38Z
6,2018-11-01T12:06:56Z,2018-10-29T08:28:39Z
7,2018-10-27T15:21:48Z,2018-10-26T14:52:48Z
8,2018-10-29T18:34:50Z,2018-10-26T18:36:29Z
9,2018-10-31T00:10:54Z,2018-10-27T00:31:10Z
10,2018-10-27T04:57:58Z,2018-10-26T14:54:53Z
11,2018-10-26T08:57:06Z,2018-10-26T08:12:23Z
12,2018-10-28T00:34:04Z,2018-10-27T13:23:51Z
13,2018-10-31T17:49:42Z,2018-10-29T21:42:48Z
14,2018-10-29T13:23:20Z,2018-10-29T08:20:34Z
15,2018-10-31T00:56:06Z,2018-10-28T03:35:29Z
16,2018-10-30T18:28:36Z,2018-10-30T16:16:18Z
17,2018-11-01T16:49:04Z,2018-10-26T03:48:09Z
18,2018-10-27T18:06:41Z,2018-10-27T10:36:57Z
19,2018-11-01T06:35:22Z,2018-10-26T19:08:31Z
3,2018-10-27T15:36:12Z,2018-10-26T11:15:40Z
1,2018-10-26T18:28:25Z,2018-10-26T12:44:11Z
2,2018-10-27T23:07:27Z,2018-10-25T21:39:16Z
3,2018-10-31T16:51:28Z,2018-10-29T09:38:01Z
4,2018-10-27T22:19:03Z,2018-10-27T16:21:28Z
5,2018-10-28T16:11:43Z,2018-10-26T15:00:57Z
6,2018-10-31T19:16:09Z,2018-10-28T03:35:20Z
7,2018-10-27T14:36:04Z,2018-10-27T02:26:00Z
8,2018-11-01T15:18:45Z,2018-11-01T00:17:35Z
9,2018-10-27T16:54:04Z,2018-10-26T15:57:51Z
10,2018-10-29T23:35:41Z,2018-10-28T17:33:59Z
11,2018-10-31T00:41:35Z,2018-10-30T02:23:27Z
12,2018-10-26T13:36:23Z,2018-10-26T06:20:48Z
13,2018-10-27T17:51:27Z,2018-10-26T11:39:14Z
14,2018-11-01T14:12:04Z,2018-10-28T01:47:07Z
15,2018-10-31T00:05:27Z,2018-10-29T20:42:39Z
16,2018-10-30T16:58:48Z,2018-10-27T02:44:54Z
17,2018-10-28T15:20:16Z,2018-10-26T13:38:42Z
18,2018-11-01T00:54:35Z,2018-10-28T16:47:14Z
19,2018-10-28T10:35:35Z,2018-10-26T00:06:06Z
5,2018-10-26T20:55:18Z,2018-10-26T03:44:02Z
1,2018-10-28T04:41:55Z,2018-10-26T21:53:04Z
2,2018-11-01T14:39:00Z,2018-10-29T03:56:51Z
3,2018-10-26T04:29:12Z,2018-10-25T21:45:57Z
4,2018-10-31T02:50:38Z,2018-10-27T19:34:20Z
5,2018-10-28T23:24:22Z,2018-10-26T11:55:34Z
6,2018-10-27T21:57:29Z,2018-10-27T19:35:59Z
7,2018-10-30T08:51:43Z,2018-10-29T23:49:50Z
8,2018-11-01T14:35:29Z,2018-10-28T10:25:28Z
9,2018-10-29T02:49:17Z,2018-10-26T15:27:42Z
10,2018-10-26T08:02:12Z,2018-10-26T05:02:28Z
11,2018-10-31T13:59:52Z,2018-10-28T02:51:06Z
12,2018-10-29T08:24:44Z,2018-10-27T00:02:28Z
13,2018-10-31T11:28:15Z,2018-10-26T01:19:31Z
14,2018-10-29T15:36:15Z,2018-10-28T20:29:40Z
15,2018-10-29T17:04:40Z,2018-10-29T14:57:40Z
16,2018-10-27T19:36:54Z,2018-10-25T23:10:47Z
17,2018-10-26T12:24:09Z,2018-10-25T21:59:26Z
18,2018-10-31T05:42:46Z,2018-10-26T12:15:46Z
19,2018-10-26T19:13:51Z,2018-10-26T17:24:07Z
9,2018-10-31T14:47:13Z,2018-10-25T23:55:30Z
1,2018-10-26T20:51:03Z,2018-10-26T17:10:13Z
2,2018-10-30T19:28:07Z,2018-10-27T06:08:00Z
3,2018-10-30T08:42:34Z,2018-10-29T14:54:48Z
4,2018-10-28T12:47:51Z,2018-10-27T00:05:46Z
5,2018-10-31T14:48:26Z,2018-10-29T17:45:16Z
6,2018-10-30T07:16:48Z,2018-10-28T05:47:00Z
7,2018-10-27T21:23:06Z,2018-10-26T12:53:09Z
8,2018-10-28T11:35:10Z,2018-10-28T03:46:17Z
9,2018-10-29T04:49:12Z,2018-10-28T02:04:08Z
10,2018-10-28T01:03:17Z,2018-10-26T15:00:40Z
11,2018-10-29T04:45:57Z,2018-10-27T00:11:30Z
12,2018-10-27T22:32:01Z,2018-10-27T00:34:22Z
13,2018-11-01T18:43:48Z,2018-10-25T21:52:05Z
14,2018-10-27T05:48:14Z,2018-10-26T13:13:19Z
15,2018-11-01T08:24:50Z,2018-10-31T16:28:54Z
16,2018-10-27T18:05:08Z,2018-10-26T17:45:49Z
17,2018-10-30T04:15:12Z,2018-10-28T19:09:58Z
18,2018-10-27T02:55:17Z,2018-10-26T19:08:26Z
19,2018-10-31T10:51:03Z,2018-10-28T19:44:42Z
19,2018-10-26T06:36:23Z,2018-10-26T05:34:24Z
1,2018-10-29T06:28:43Z,2018-10-27T10:25:58Z
2,2018-10-29T02:22:09Z,2018-10-27T20:34:34Z
3,2018-10-26T04:35:41Z,2018-10-26T02:24:13Z
4,2018-10-30T20:16:32Z,2018-10-27T22:08:22Z
5,2018-10-31T09:11:00Z,2018-10-27T16:05:30Z
6,2018-10-26T13:49:15Z,2018-10-25T23:35:36Z
7,2018-10-30T11:35:10Z,2018-10-26T07:31:29Z
8,2018-10-26T23:28:29Z,2018-10-26T05:13:44Z
9,2018-10-29T19:42:29Z,2018-10-27T16:15:07Z
10,2018-10-29T20:17:01Z,2018-10-25T23:13:31Z
11,2018-11-01T15:13:22Z,2018-11-01T05:35:21Z
12,2018-10-31T05:50:26Z,2018-10-31T05:42:52Z
13,2018-10-30T14:05:26Z,2018-10-30T05:33:13Z
14,2018-10-27T21:37:28Z,2018-10-27T19:07:31Z
15,2018-10-31T18:44:18Z,2018-10-27T14:19:44Z
16,2018-10-27T05:31:07Z,2018-10-25T22:21:38Z
17,2018-11-01T19:15:26Z,2018-10-31T05:18:48Z
18,2018-10-29T02:18:37Z,2018-10-27T16:51:35Z
19,2018-10-30T10:08:17Z,2018-10-29T15:09:13Z
11,2018-11-01T14:55:43Z,2018-10-28T14:30:06Z
1,2018-10-30T09:29:16Z,2018-10-26T06:22:37Z
2,2018-10-27T15:36:17Z,2018-10-26T04:27:00Z
3,2018-10-26T01:17:59Z,2018-10-25T22:27:18Z
4,2018-10-26T23:09:57Z,2018-10-25T21:51:43Z
5,2018-10-26T05:31:14Z,2018-10-26T04:06:47Z
6,2018-10-31T18:08:19Z,2018-10-27T02:29:34Z
7,2018-10-29T01:59:55Z,2018-10-26T02:56:05Z
8,2018-10-29T15:47:59Z,2018-10-26T03:54:24Z
9,2018-10-27T20:56:24Z,2018-10-25T22:40:19Z
10,2018-10-29T05:17:18Z,2018-10-28T23:27:01Z
11,2018-11-01T08:26:49Z,2018-10-27T09:10:47Z
12,2018-10-28T13:37:47Z,2018-10-28T06:17:14Z
13,2018-10-29T17:39:00Z,2018-10-27T16:17:21Z
14,2018-11-01T14:44:15Z,2018-10-26T19:40:03Z
15,2018-10-30T20:23:55Z,2018-10-27T12:34:32Z
16,2018-10-29T11:50:00Z,2018-10-27T21:41:20Z
17,2018-11-01T03:41:28Z,2018-10-29T10:44:46Z
18,2018-10-30T15:14:14Z,2018-10-27T20:16:32Z
19,2018-10-30T11:19:20Z,2018-10-26T16:20:41Z
4,2018-10-27T06:06:12Z,2018-10-26T04:49:11Z
1,2018-10-29T10:22:15Z,2018-10-26T09:53:43Z
2,2018-10-29T18:17:23Z,2018-10-29T15:26:02Z
3,2018-11-01T19:54:41Z,2018-10-29T12:54:11Z
4,2018-10-29T18:53:11Z,2018-10-26T19:54:59Z
5,2018-10-27T00:56:38Z,2018-10-26T01:47:26Z
6,2018-10-30T12:55:53Z,2018-10-26T15:49:22Z
7,2018-10-29T22:50:40Z,2018-10-26T19:09:00Z
8,2018-10-27T03:13:09Z,2018-10-26T15:09:00Z
9,2018-10-31T04:50:30Z,2018-10-30T02:06:59Z
10,2018-10-25T22:17:17Z,2018-10-25T21:29:37Z
11,2018-10-28T13:26:48Z,2018-10-27T06:07:06Z
12,2018-10-31T14:52:24Z,2018-10-28T05:53:17Z
13,2018-10-28T23:57:47Z,2018-10-28T03:22:22Z
14,2018-10-30T17:36:09Z,2018-10-26T14:28:26Z
15,2018-10-26T03:38:35Z,2018-10-26T01:09:20Z
16,2018-10-28T12:25:02Z,2018-10-27T21:08:25Z
17,2018-10-26T03:42:06Z,2018-10-26T03:36:25Z
18,2018-10-31T14:31:49Z,2018-10-26T06:35:02Z
19,2018-10-26T19:54:49Z,2018-10-26T19:24:24Z
1,2018-10-31T18:23:03Z,2018-10-28T05:22:00Z
1,2018-11-01T06:48:45Z,2018-10-30T01:49:18Z
2,2018-10-26T10:02:31Z,2018-10-26T03:50:24Z
3,2018-10-28T02:44:47Z,2018-10-26T12:55:35Z
4,2018-10-31T18:32:36Z,2018-10-28T00:43:46Z
5,2018-10-28T00:50:38Z,2018-10-27T13:18:36Z
6,2018-10-27T14:03:42Z,2018-10-26T21:41:45Z
7,2018-10-26T04:27:24Z,2018-10-25T23:53:22Z
8,2018-10-28T01:20:27Z,2018-10-27T13:53:16Z
9,2018-10-28T03:11:40Z,2018-10-27T17:23:33Z
10,2018-10-30T22:00:53Z,2018-10-30T07:03:39Z
11,2018-11-01T05:42:41Z,2018-10-28T19:55:59Z
12,2018-10-31T03:49:43Z,2018-10-25T23:05:46Z
13,2018-10-30T21:34:15Z,2018-10-25T23:08:08Z
14,2018-10-27T05:15:42Z,2018-10-27T02:31:57Z
15,2018-11-01T00:41:57Z,2018-10-27T11:42:07Z
16,2018-10-29T18:09:07Z,2018-10-29T14:22:55Z
17,2018-10-29T17:39:49Z,2018-10-26T02:59:48Z
18,2018-10-31T06:08:28Z,2018-10-30T21:10:07Z
19,2018-10-31T14:01:00Z,2018-10-25T23:51:39Z
5,2018-11-01T08:52:15Z,2018-10-31T17:17:58Z
1,2018-10-26T18:59:36Z,2018-10-26T10:18:04Z
2,2018-11-01T20:03:02Z,2018-10-31T23:42:38Z
3,2018-10-29T10:56:33Z,2018-10-27T17:39:29Z
4,2018-10-29T09:50:36Z,2018-10-28T00:50:24Z
5,2018-10-31T17:52:40Z,2018-10-31T10:32:40Z
6,2018-10-29T09:10:42Z,2018-10-25T22:51:39Z
7,2018-10-28T05:43:40Z,2018-10-26T13:37:55Z
8,2018-10-27T05:02:14Z,2018-10-26T19:00:16Z
9,2018-10-28T08:25:42Z,2018-10-25T21:39:40Z
10,2018-10-25T23:21:00Z,2018-10-25T22:51:29Z
11,2018-10-27T09:15:33Z,2018-10-27T05:28:13Z
12,2018-10-31T21:41:23Z,2018-10-27T20:09:39Z
13,2018-10-29T09:04:49Z,2018-10-28T15:48:13Z
14,2018-10-28T08:53:30Z,2018-10-27T02:49:16Z
15,2018-10-30T14:23:20Z,2018-10-30T12:49:03Z
16,2018-10-28T06:24:54Z,2018-10-25T21:43:14Z
17,2018-10-31T22:18:34Z,2018-10-30T17:02:26Z
18,2018-10-30T20:17:23Z,2018-10-26T06:19:32Z
19,2018-10-30T09:54:12Z,2018-10-26T16:27:02Z
8,2018-10-28T04:20:27Z,2018-10-27T01:24:26Z
1,2018-10-30T14:13:21Z,2018-10-27T16:18:00Z
2,2018-10-26T08:18:09Z,2018-10-26T03:13:48Z
3,2018-10-29T19:21:03Z,2018-10-29T04:39:57Z
4,2018-10-28T17:31:09Z,2018-10-27T18:39:48Z
5,2018-10-31T02:07:04Z,2018-10-29T04:55:09Z
6,2018-10-30T14:14:46Z,2018-10-27T00:40:28Z
7,2018-10-25T22:45:39Z,2018-10-25T22:01:40Z
8,2018-10-28T23:21:27Z,2018-10-26T01:10:38Z
9,2018-10-27T12:06:35Z,2018-10-25T21:26:17Z
10,2018-10-26T07:48:58Z,2018-10-26T07:39:07Z
11,2018-10-30T12:33:34Z,2018-10-28T11:55:12Z
12,2018-11-01T21:24:53Z,2018-10-27T10:36:45Z
13,2018-10-31T16:29:32Z,2018-10-28T13:56:07Z
14,2018-10-27T12:54:39Z,2018-10-27T11:27:13Z
15,2018-10-26T21:51:49Z,2018-10-26T05:04:22Z
16,2018-10-26T23:18:33Z,2018-10-26T22:15:10Z
17,2018-10-31T19:50:13Z,2018-10-30T00:01:46Z
18,2018-10-31T12:34:13Z,2018-10-29T20:50:52Z
19,2018-11-01T12:16:25Z,2018-10-28T00:39:31Z
11,2018-10-27T15:06:49Z,2018-10-26T10:57:38Z
1,2018-10-27T04:43:31Z,2018-10-25T22:33:35Z
2,2018-10-30T00:23:21Z,2018-10-26T04:04:08Z
3,2018-10-26T21:01:30Z,2018-10-26T13:00:12Z
4,2018-10-29T21:32:04Z,2018-10-28T23:38:52Z
5,2018-10-27T04:04:11Z,2018-10-26T21:41:02Z
6,2018-10-29T01:08:48Z,2018-10-28T07:19:09Z
7,2018-10-26T06:39:48Z,2018-10-25T23:02:19Z
8,2018-10-27T08:59:23Z,2018-10-26T20:08:46Z
9,2018-10-25T22:56:26Z,2018-10-25T22:46:57Z
10,2018-10-30T17:39:05Z,2018-10-28T02:37:22Z
11,2018-10-28T02:34:49Z,2018-10-26T05:41:56Z
12,2018-10-26T13:37:02Z,2018-10-26T06:29:48Z
13,2018-10-27T12:45:39Z,2018-10-26T06:14:52Z
14,2018-10-31T06:34:57Z,2018-10-27T19:03:25Z
15,2018-10-26T21:02:36Z,2018-10-26T11:42:35Z
16,2018-10-30T05:52:04Z,2018-10-29T11:26:33Z
17,2018-10-30T00:54:53Z,2018-10-29T17:41:21Z
18,2018-10-31T05:34:19Z,2018-10-27T17:38:30Z
19,2018-10-31T11:41:24Z,2018-10-29T08:46:43Z
13,2018-10-26T13:12:21Z,2018-10-26T03:39:20Z
1,2018-10-27T17:53:30Z,2018-10-27T09:47:02Z
2,2018-10-31T12:48:13Z,2018-10-30T04:08:54Z
3,2018-11-01T22:03:20Z,2018-11-01T01:57:14Z
4,2018-10-27T01:12:15Z,2018-10-26T07:23:36Z
5,2018-10-27T08:46:29Z,2018-10-25T23:51:40Z
6,2018-10-26T07:33:07Z,2018-10-26T01:34:30Z
7,2018-10-27T10:00:47Z,2018-10-26T08:33:18Z
8,2018-10-27T17:04:40Z,2018-10-26T07:28:11Z
9,2018-11-01T12:04:08Z,2018-10-27T10:24:18Z
10,2018-10-26T02:56:44Z,2018-10-25T22:50:01Z
11,2018-11-01T07:57:37Z,2018-10-31T19:23:48Z
12,2018-10-26T13:12:14Z,2018-10-26T12:53:25Z
13,2018-10-30T01:53:40Z,2018-10-27T23:10:32Z
14,2018-10-28T13:52:25Z,2018-10-26T02:44:51Z
15,2018-10-31T18:41:51Z,2018-10-31T17:39:11Z
16,2018-10-30T19:45:27Z,2018-10-30T03:24:56Z
17,2018-10-29T18:15:19Z,2018-10-28T12:04:38Z
18,2018-10-27T10:19:36Z,2018-10-26T08:19:37Z
19,2018-10-26T05:48:43Z,2018-10-26T00:35:25Z
5,2018-10-26T18:14:53Z,2018-10-25T22:46:57Z
1,2018-10-31T12:46:41Z,2018-10-26T01:10:51Z
2,2018-10-29T00:28:33Z,2018-10-28T14:45:46Z
3,2018-11-01T06:02:35Z,2018-10-26T13:14:28Z
4,2018-10-28T09:40:29Z,2018-10-28T07:36:35Z
5,2018-11-01T08:54:46Z,2018-10-28T08:41:47Z
6,2018-10-25T21:33:46Z,2018-10-25T21:29:44Z
7,2018-11-01T06:08:20Z,2018-10-29T00:35:58Z
8,2018-10-28T16:14:07Z,2018-10-26T20:35:55Z
9,2018-10-27T19:47:15Z,2018-10-27T18:44:30Z
10,2018-10-30T11:01:33Z,2018-10-28T06:09:04Z
11,2018-10-31T01:51:50Z,2018-10-26T14:28:08Z
12,2018-11-01T11:06:28Z,2018-10-27T16:58:56Z
13,2018-10-29T11:06:36Z,2018-10-29T09:42:17Z
14,2018-10-28T11:52:34Z,2018-10-27T17:51:38Z
15,2018-10-27T14:47:06Z,2018-10-27T05:21:08Z
16,2018-10-27T18:25:48Z,2018-10-26T06:56:39Z
17,2018-10-31T15:34:50Z,2018-10-29T08:08:19Z
18,2018-10-30T22:48:06Z,2018-10-28T18:49:08Z
19,2018-10-26T08:21:09Z,2018-10-26T07:31:48Z
16,2018-10-31T20:01:29Z,2018-10-27T05:55:09Z
1,2018-10-28T05:25:06Z,2018-10-27T11:20:06Z
2,2018-10-27T01:39:46Z,2018-10-26T18:06:41Z
3,2018-11-01T13:46:08Z,2018-10-30T13:54:22Z
4,2018-10-30T09:47:33Z,2018-10-26T11:50:07Z
5,2018-10-27T05:44:08Z,2018-10-26T14:08:44Z
6,2018-10-28T11:51:57Z,2018-10-26T09:28:08Z
7,2018-10-27T01:22:53Z,2018-10-27T00:58:36Z
8,2018-10-28T20:54:51Z,2018-10-27T12:20:30Z
9,2018-10-27T02:54:22Z,2018-10-25T23:11:07Z
10,2018-10-29T19:45:38Z,2018-10-28T20:51:22Z
11,2018-10-31T20:25:23Z,2018-10-28T02:24:44Z
12,2018-10-26T03:37:45Z,2018-10-25T23:48:16Z
13,2018-10-31T03:10:07Z,2018-10-27T05:41:48Z
14,2018-11-01T11:03:49Z,2018-10-30T19:27:33Z
15,2018-10-30T10:23:47Z,2018-10-28T09:55:16Z
16,2018-10-26T18:01:17Z,2018-10-26T09:17:58Z
17,2018-10-28T15:35:13Z,2018-10-25T22:42:02Z
18,2018-10-28T04:18:20Z,2018-10-27T20:41:52Z
19,2018-10-26T23:11:38Z,2018-10-26T16:39:56Z
11,2018-10-30T17:18:38Z,2018-10-28T10:22:38Z
1,2018-10-27T01:22:15Z,2018-10-26T07:08:42Z
2,2018-10-29T12:04:48Z,2018-10-29T07:12:46Z
3,2018-11-01T15:41:42Z,2018-10-29T13:11:32Z
4,2018-10-27T16:02:22Z,2018-10-26T18:38:44Z
5,2018-10-26T12:20:40Z,2018-10-26T10:17:15Z
6,2018-10-31T17:41:12Z,2018-10-27T17:25:43Z
7,2018-10-29T11:14:10Z,2018-10-27T17:55:21Z
8,2018-11-01T05:06:07Z,2018-10-26T16:08:49Z
9,2018-10-30T06:16:01Z,2018-10-28T02:27:41Z
10,2018-10-30T03:23:32Z,2018-10-26T08:24:43Z
11,2018-10-28T09:57:27Z,2018-10-26T09:49:20Z
12,2018-10-30T21:33:20Z,2018-10-26T15:16:04Z
13,2018-10-31T01:53:03Z,2018-10-26T22:39:31Z
14,2018-10-31T15:18:18Z,2018-10-31T13:01:03Z
15,2018-10-28T14:35:24Z,2018-10-27T08:25:17Z
16,2018-11-01T15:22:24Z,2018-10-30T14:09:44Z
17,2018-10-31T14:08:28Z,2018-10-27T06:20:37Z
18,2018-10-28T16:45:44Z,2018-10-27T06:25:01Z
19,2018-10-31T14:25:52Z,2018-10-26T22:38:52Z
12,2018-10-30T18:11:09Z,2018-10-27T20:42:44Z
1,2018-10-26T15:21:07Z,2018-10-26T05:34:16Z
2,2018-10-28T02:09:40Z,2018-10-27T03:01:03Z
3,2018-10-31T02:59:55Z,2018-10-29T05:20:37Z
4,2018-10-27T23:06:47Z,2018-10-27T19:52:03Z
5,2018-11-01T12:39:24Z,2018-10-31T06:56:33Z
6,2018-10-29T08:38:46Z,2018-10-26T04:59:00Z
7,2018-10-30T20:01:23Z,2018-10-27T03:11:56Z
8,2018-10-29T02:26:18Z,2018-10-28T17:05:25Z
9,2018-10-28T01:30:55Z,2018-10-27T10:55:48Z
10,2018-10-28T03:08:39Z,2018-10-27T16:45:37Z
11,2018-10-30T07:35:45Z,2018-10-27T10:50:10Z
12,2018-11-01T07:37:09Z,2018-10-27T16:17:27Z
13,2018-10-28T09:14:04Z,2018-10-27T23:16:55Z
14,2018-10-30T04:26:02Z,2018-10-29T00:52:42Z
15,2018-10-30T22:06:34Z,2018-10-29T10:05:47Z
16,2018-10-30T03:55:57Z,2018-10-30T01:39:09Z
17,2018-10-28T20:58:50Z,2018-10-26T01:52:24Z
18,2018-10-31T09:06:57Z,2018-10-31T00:45:31Z
19,2018-10-28T19:10:26Z,2018-10-25T22:00:55Z
18,2018-10-31T07:26:20Z,2018-10-26T18:20:38Z
1,2018-10-28T18:39:45Z,2018-10-27T12:14:15Z
2,2018-10-29T17:40:08Z,2018-10-29T15:27:17Z
3,2018-10-29T19:18:38Z,2018-10-26T16:44:20Z
4,2018-11-01T11:46:57Z,2018-10-28T16:00:16Z
5,2018-10-30T11:04:21Z,2018-10-26T16:51:57Z
6,2018-10-27T14:30:28Z,2018-10-26T04:14:05Z
7,2018-10-27T01:34:28Z,2018-10-26T04:54:25Z
8,2018-10-30T19:13:51Z,2018-10-27T07:41:40Z
9,2018-11-01T12:33:11Z,2018-10-31T04:02:10Z
10,2018-10-30T22:12:57Z,2018-10-26T07:19:28Z
11,2018-11-01T19:23:58Z,2018-10-28T17:07:53Z
12,2018-10-25T23:17:38Z,2018-10-25T22:20:12Z
13,2018-10-29T21:55:29Z,2018-10-29T18:03:06Z
14,2018-11-01T15:51:53Z,2018-10-30T09:15:57Z
15,2018-10-31T09:14:24Z,2018-10-28T12:12:27Z
16,2018-10-31T17:44:10Z,2018-10-26T21:59:28Z
17,2018-10-28T01:06:48Z,2018-10-27T07:30:23Z
18,2018-10-29T10:35:17Z,2018-10-27T00:11:54Z
19,2018-10-30T14:42:37Z,2018-10-28T05:43:52Z
5,2018-11-01T09:16:15Z,2018-10-25T22:11:56Z
1,2018-10-26T23:09:47Z,2018-10-26T12:06:00Z
2,2018-10-27T07:07:30Z,2018-10-26T11:45:33Z
3,2018-10-29T18:09:15Z,2018-10-26T15:37:44Z
4,2018-10-28T22:42:53Z,2018-10-26T02:34:34Z
5,2018-10-29T19:09:54Z,2018-10-28T17:19:49Z
6,2018-10-29T22:04:17Z,2018-10-29T15:31:46Z
7,2018-10-29T09:16:29Z,2018-10-28T13:51:48Z
8,2018-10-30T04:42:15Z,2018-10-28T12:45:10Z
9,2018-10-26T02:05:41Z,2018-10-25T22:17:00Z
10,2018-10-27T05:33:11Z,2018-10-26T15:45:58Z
11,2018-10-29T23:06:25Z,2018-10-29T10:44:18Z
12,2018-11-01T19:34:16Z,2018-10-29T12:24:09Z
13,2018-10-28T20:26:49Z,2018-10-27T02:14:08Z
14,2018-10-31T03:28:27Z,2018-10-30T10:29:56Z
15,2018-10-31T20:01:17Z,2018-10-27T20:38:58Z
16,2018-10-27T20:24:01Z,2018-10-27T00:48:21Z
17,2018-10-26T13:04:04Z,2018-10-25T22:44:34Z
18,2018-10-30T12:57:56Z,2018-10-29T04:04:37Z
19,2018-10-27T06:24:35Z,2018-10-27T04:54:35Z
5,2018-10-28T01:50:36Z,2018-10-26T15:22:07Z
1,2018-10-29T00:04:00Z,2018-10-26T03:59:54Z
2,2018-10-27T11:58:12Z,2018-10-25T23:33:58Z
3,2018-10-31T00:36:52Z,2018-10-29T00:07:58Z
4,2018-10-27T07:55:39Z,2018-10-27T07:42:59Z
5,2018-11-01T03:30:58Z,2018-10-28T10:13:26Z
6,2018-10-31T23:32:16Z,2018-10-27T00:49:22Z
7,2018-10-27T07:34:53Z,2018-10-26T08:31:04Z
8,2018-10-26T10:28:10Z,2018-10-26T10:16:51Z
9,2018-10-28T16:43:08Z,2018-10-26T01:43:20Z
10,2018-10-31T11:53:24Z,2018-10-30T10:49:13Z
11,2018-10-30T17:45:06Z,2018-10-27T17:37:23Z
12,2018-10-28T14:51:09Z,2018-10-27T20:09:05Z
13,2018-11-01T20:27:27Z,2018-10-31T09:35:20Z
14,2018-11-01T15:36:22Z,2018-11-01T00:11:37Z
15,2018-10-29T02:55:56Z,2018-10-26T14:34:35Z
16,2018-10-29T03:24:26Z,2018-10-28T16:36:42Z
17,2018-10-30T14:35:34Z,2018-10-28T16:38:08Z
18,2018-11-01T14:23:43Z,2018-11-01T00:32:21Z
19,2018-11-01T09:58:53Z,2018-10-29T06:25:21Z
8,2018-10-30T19:29:38Z,2018-10-26T04:05:57Z
1,2018-10-30T11:45:16Z,2018-10-25T23:13:32Z
2,2018-10-27T05:05:43Z,2018-10-26T14:26:22Z
3,2018-10-29T11:02:44Z,2018-10-26T07:46:15Z
4,2018-11-01T15:26:25Z,2018-10-26T00:47:15Z
5,2018-10-31T11:20:43Z,2018-10-30T18:08:35Z
6,2018-11-01T19:18:15Z,2018-10-27T21:52:16Z
7,2018-10-30T23:22:08Z,2018-10-29T03:53:03Z
8,2018-10-26T22:24:39Z,2018-10-26T08:26:12Z
9,2018-10-29T11:51:50Z,2018-10-27T15:53:06Z
10,2018-11-01T07:54:46Z,2018-10-31T04:25:17Z
11,2018-10-31T06:12:47Z,2018-10-29T00:38:26Z
12,2018-11-01T12:09:42Z,2018-11-01T01:26:21Z
13,2018-10-31T17:38:29Z,2018-10-29T16:05:02Z
14,2018-10-28T13:41:19Z,2018-10-28T11:22:47Z
15,2018-10-27T07:57:47Z,2018-10-25T22:05:25Z
16,2018-11-01T22:20:39Z,2018-11-01T17:11:24Z
17,2018-10-30T18:16:42Z,2018-10-30T07:37:10Z
18,2018-10-31T21:12:03Z,2018-10-28T18:36:22Z
19,2018-10-31T18:56:39Z,2018-10-27T15:14:10Z
17,2018-10-30T14:07:40Z,2018-10-27T05:07:21Z
1,2018-11-01T03:34:57Z,2018-10-28T17:08:31Z
2,2018-10-28T18:33:36Z,2018-10-28T05:17:29Z
3,2018-10-27T12:00:56Z,2018-10-27T02:19:33Z
4,2018-10-30T14:47:10Z,2018-10-30T02:26:33Z
5,2018-10-26T16:18:23Z,2018-10-26T13:30:10Z
6,2018-10-31T12:41:50Z,2018-10-31T02:44:55Z
7,2018-10-27T12:06:19Z,2018-10-26T17:10:57Z
8,2018-10-31T07:57:41Z,2018-10-29T17:39:09Z
9,2018-10-27T16:05:19Z,2018-10-26T01:04:40Z
10,2018-10-27T08:51:39Z,2018-10-26T12:52:05Z
11,2018-10-26T04:36:11Z,2018-10-25T22:32:02Z
12,2018-10-29T10:43:25Z,2018-10-28T11:48:46Z
13,2018-10-30T13:32:37Z,2018-10-29T08:26:11Z
14,2018-10-31T10:29:33Z,2018-10-28T11:44:07Z
15,2018-10-31T22:56:40Z,2018-10-27T03:33:47Z
16,2018-10-27T02:54:01Z,2018-10-26T13:48:11Z
17,2018-10-29T02:52:42Z,2018-10-26T04:48:11Z
18,2018-10-31T15:29:07Z,2018-10-30T14:33:56Z
19,2018-10-28T08:40:03Z,2018-10-26T08:18:13Z
5,2018-10-26T14:03:08Z,2018-10-25T23:12:32Z
1,2018-10-31T18:42:32Z,2018-10-31T13:33:23Z
2,2018-10-30T01:47:55Z,2018-10-26T20:18:29Z
3,2018-10-31T08:03:57Z,2018-10-27T12:11:59Z
4,2018-10-27T11:01:50Z,2018-10-26T04:34:36Z
5,2018-10-27T11:27:16Z,2018-10-26T01:00:17Z
6,2018-10-29T15:44:13Z,2018-10-28T21:04:21Z
7,2018-10-28T18:05:01Z,2018-10-27T16:04:34Z
8,2018-10-31T14:18:00Z,2018-10-27T18:44:46Z
9,2018-10-31T08:58:04Z,2018-10-30T00:23:01Z
10,2018-10-27T12:22:08Z,2018-10-26T23:13:05Z
11,2018-10-30T17:20:14Z,2018-10-26T13:10:59Z
12,2018-10-26T02:50:00Z,2018-10-26T01:27:24Z
13,2018-10-26T14:38:25Z,2018-10-26T00:19:15Z
14,2018-10-29T20:22:46Z,2018-10-27T02:05:53Z
15,2018-10-27T09:53:56Z,2018-10-26T00:46:18Z
16,2018-10-30T04:55:25Z,2018-10-27T05:20:32Z
17,2018-10-26T12:09:11Z,2018-10-26T00:18:34Z
18,2018-10-27T08:10:20Z,2018-10-26T22:11:48Z
19,2018-11-01T10:21:16Z,2018-10-27T06:59:00Z
19,2018-10-31T16:46:23Z,2018-10-30T04:08:15Z
1,2018-10-29T10:49:16Z,2018-10-29T09:08:15Z
2,2018-10-28T18:31:09Z,2018-10-26T21:55:48Z
3,2018-10-31T13:47:48Z,2018-10-31T05:35:31Z
4,2018-10-27T10:33:28Z,2018-10-26T20:40:34Z
5,2018-10-28T23:32:02Z,2018-10-26T10:30:47Z
6,2018-10-30T12:28:02Z,2018-10-26T16:43:36Z
7,2018-10-26T20:34:27Z,2018-10-26T09:54:44Z
8,2018-10-29T11:10:27Z,2018-10-27T21:19:47Z
9,2018-10-27T08:13:43Z,2018-10-26T17:12:18Z
10,2018-10-26T09:55:18Z,2018-10-26T01:44:40Z
11,2018-10-31T07:37:16Z,2018-10-29T03:01:07Z
12,2018-10-29T23:29:42Z,2018-10-27T15:41:43Z
13,2018-10-28T00:59:21Z,2018-10-26T11:30:28Z
14,2018-10-31T02:28:24Z,2018-10-30T11:55:56Z
15,2018-10-27T01:10:07Z,2018-10-26T22:24:11Z
16,2018-10-29T06:43:16Z,2018-10-29T03:37:49Z
17,2018-10-27T12:50:21Z,2018-10-27T11:55:42Z
18,2018-10-28T00:27:56Z,2018-10-27T21:00:52Z
19,2018-10-30T12:54:10Z,2018-10-26T23:19:52Z
8,2018-10-29T03:04:16Z,2018-10-28T16:10:01Z
1,2018-11-01T18:59:38Z,2018-10-26T16:54:47Z
2,2018-10-26T22:34:27Z,2018-10-26T09:29:37Z
3,2018-10-30T00:41:56Z,2018-10-29T23:06:23Z
4,2018-10-30T07:48:28Z,2018-10-26T16:37:44Z
5,2018-10-27T22:56:39Z,2018-10-27T12:37:36Z
6,2018-10-29T23:50:14Z,2018-10-29T12:15:01Z
7,2018-10-26T13:38:40Z,2018-10-26T07:53:44Z
8,2018-11-01T07:41:35Z,2018-10-26T19:09:16Z
9,2018-10-26T08:56:12Z,2018-10-26T00:32:42Z
10,2018-10-31T11:12:15Z,2018-10-28T11:09:36Z
11,2018-10-26T01:49:16Z,2018-10-26T01:44:04Z
12,2018-10-29T12:48:06Z,2018-10-28T15:50:03Z
13,2018-10-27T15:35:13Z,2018-10-26T06:00:48Z
14,2018-10-29T00:24:30Z,2018-10-27T02:26:16Z
15,2018-10-27T17:34:38Z,2018-10-26T13:11:11Z
16,2018-10-27T04:12:10Z,2018-10-26T17:37:30Z
17,2018-10-26T04:34:29Z,2018-10-26T00:07:15Z
18,2018-11-01T20:58:24Z,2018-10-30T19:03:02Z
19,2018-10-26T02:51:25Z,2018-10-25T23:54:13Z
15,2018-10-30T10:12:30Z,2018-10-29T01:33:49Z
1,2018-10-25T23:22:54Z,2018-10-25T23:03:00Z
2,2018-10-27T17:18:26Z,2018-10-26T17:41:57Z
3,2018-10-27T05:14:24Z,2018-10-26T09:04:41Z
4,2018-10-26T08:43:17Z,2018-10-26T02:09:10Z
5,2018-10-28T03:51:18Z,2018-10-26T08:16:16Z
6,2018-10-26T19:29:22Z,2018-10-26T02:11:55Z
7,2018-10-27T07:51:31Z,2018-10-27T03:17:14Z
8,2018-10-31T14:36:44Z,2018-10-28T13:19:57Z
9,2018-10-29T05:19:10Z,2018-10-28T20:52:38Z
10,2018-10-29T03:56:43Z,2018-10-27T22:18:23Z
11,2018-10-30T18:05:25Z,2018-10-30T13:45:13Z
12,2018-11-01T18:07:37Z,2018-10-29T07:41:15Z
13,2018-10-31T13:28:00Z,2018-10-27T15:36:05Z
14,2018-11-01T06:21:30Z,2018-10-29T12:06:04Z
15,2018-11-01T10:27:04Z,2018-10-31T04:54:27Z
16,2018-10-28T02:01:29Z,2018-10-27T11:19:36Z
17,2018-11-01T09:01:29Z,2018-10-29T15:11:30Z
18,2018-10-27T03:07:48Z,2018-10-26T01:16:39Z
19,2018-10-31T13:41:36Z,2018-10-26T20:22:44Z
13,2018-10-26T22:57:48Z,2018-10-26T00:56:28Z
1,2018-10-30T21:29:46Z,2018-10-26T16:08:37Z
2,2018-10-28T11:00:27Z,2018-10-26T11:09:42Z
3,2018-10-31T05:05:07Z,2018-10-27T23:21:35Z
4,2018-10-30T01:30:00Z,2018-10-26T01:00:56Z
5,2018-10-26T23:24:19Z,2018-10-26T10:17:39Z
6,2018-10-28T05:20:46Z,2018-10-27T12:33:10Z
7,2018-10-27T02:39:34Z,2018-10-26T12:08:32Z
8,2018-10-29T05:55:53Z,2018-10-26T18:29:37Z
9,2018-10-31T09:22:25Z,2018-10-28T21:03:24Z
10,2018-10-28T13:27:14Z,2018-10-27T02:16:41Z
11,2018-10-27T07:04:50Z,2018-10-26T09:54:12Z
12,2018-10-26T16:48:10Z,2018-10-26T00:16:21Z
13,2018-11-01T03:18:01Z,2018-10-27T10:21:50Z
14,2018-10-29T21:27:28Z,2018-10-28T19:23:06Z
15,2018-10-28T08:06:48Z,2018-10-26T00:41:06Z
16,2018-10-27T18:36:24Z,2018-10-27T08:40:17Z
17,2018-10-30T15:04:08Z,2018-10-27T18:34:37Z
18,2018-10-29T09:28:28Z,2018-10-28T07:16:11Z
19,2018-10-31T00:14:49Z,2018-10-28T16:39:50Z
19,2018-11-01T00:38:16Z,2018-10-31T06:34:43Z
1,2018-10-30T04:09:56Z,2018-10-27T19:43:32Z
2,2018-10-26T08:18:12Z,2018-10-26T03:40:50Z
3,2018-11-01T16:03:49Z,2018-10-29T18:15:01Z
4,2018-10-31T00:29:15Z,2018-10-30T14:37:48Z
5,2018-10-28T02:11:33Z,2018-10-26T02:56:58Z
6,2018-10-26T23:59:43Z,2018-10-26T14:23:55Z
7,2018-11-01T11:25:06Z,2018-10-29T22:53:34Z
8,2018-11-01T10:18:30Z,2018-11-01T03:58:29Z
9,2018-10-30T10:16:55Z,2018-10-28T05:35:24Z
10,2018-10-27T01:56:59Z,2018-10-26T20:25:27Z
11,2018-10-28T01:46:00Z,2018-10-26T17:39:39Z
12,2018-10-28T01:17:00Z,2018-10-27T18:40:39Z
13,2018-10-31T02:46:33Z,2018-10-27T12:58:02Z
14,2018-10-28T11:12:35Z,2018-10-27T18:56:16Z
15,2018-10-27T16:29:39Z,2018-10-26T04:28:51Z
16,2018-10-30T05:34:20Z,2018-10-29T09:35:11Z
17,2018-10-26T06:40:57Z,2018-10-26T00:20:56Z
18,2018-10-26T18:33:48Z,2018-10-26T04:25:12Z
19,2018-10-28T20:41:42Z,2018-10-28T15:16:31Z
14,2018-10-28T16:00:59Z,2018-10-28T13:19:14Z
1,2018-10-30T16:24:09Z,2018-10-26T13:30:19Z
2,2018-10-29T07:00:50Z,2018-10-28T11:31:24Z
3,2018-10-26T19:55:35Z,2018-10-26T13:00:55Z
4,2018-10-31T04:52:02Z,2018-10-30T00:21:04Z
5,2018-10-26T08:49:33Z,2018-10-25T23:37:54Z
6,2018-10-28T14:49:28Z,2018-10-26T22:58:55Z
7,2018-10-28T15:32:24Z,2018-10-28T09:30:10Z
8,2018-10-28T15:42:17Z,2018-10-27T19:36:53Z
9,2018-10-26T23:59:40Z,2018-10-26T23:26:20Z
10,2018-10-29T21:52:06Z,2018-10-27T07:48:51Z
11,2018-10-31T07:09:17Z,2018-10-28T15:00:34Z
12,2018-10-27T01:42:14Z,2018-10-26T02:26:44Z
13,2018-10-29T05:14:27Z,2018-10-28T13:25:37Z
14,2018-10-30T20:40:44Z,2018-10-28T03:42:29Z
15,2018-10-27T23:06:36Z,2018-10-26T10:32:32Z
16,2018-10-27T03:19:45Z,2018-10-27T02:18:46Z
17,2018-10-28T11:26:14Z,2018-10-27T02:43:38Z
18,2018-10-28T07:56:09Z,2018-10-26T21:33:45Z
19,2018-10-31T06:06:14Z,2018-10-29T11:16:01Z
17,2018-10-29T10:01:56Z,2018-10-27T00:03:22Z
